date,units_sold,avg_price,avg_discount,promo_fraction,avg_competitor_pricing,dominant_weather,dominant_season,weekday,is_weekend,avg_inventory_level,avg_units_ordered,avg_demand_forecast,month
2022-01-01,14484,57.515699999999995,10.65,0.52,58.1831,Cloudy,Spring,Saturday,True,284.24,109.21,150.3366,1
2022-01-02,13415,60.6365,9.8,0.46,60.2371,Cloudy,Spring,Sunday,True,272.5,107.7,139.1412,1
2022-01-03,13681,56.7993,8.85,0.46,56.8813,Cloudy,Winter,Monday,False,272.69,110.96,141.8918,1
2022-01-04,14084,52.993,10.6,0.53,52.8153,Sunny,Summer,Tuesday,False,275.88,115.72,146.091,1
2022-01-05,12572,55.9958,10.4,0.45,56.0426,Rainy,Spring,Wednesday,False,286.8,109.19,130.917,1
2022-01-06,12563,57.018699999999995,9.5,0.49,56.73479999999999,Rainy,Autumn,Thursday,False,258.15,110.14,131.0629,1
2022-01-07,11826,58.7371,9.25,0.5,58.5911,Rainy,Summer,Friday,False,255.95,118.18,123.40610000000001,1
2022-01-08,13958,53.3705,9.9,0.54,53.3789,Cloudy,Summer,Saturday,True,278.2,92.36,143.6534,1
2022-01-09,15896,58.6392,10.15,0.51,58.4172,Snowy,Autumn,Sunday,True,294.98,111.6,164.1295,1
2022-01-10,13607,54.8367,8.95,0.52,54.7459,Cloudy,Spring,Monday,False,274.6,114.13,139.4024,1
2022-01-11,14866,54.9112,10.65,0.37,54.8321,Rainy,Summer,Tuesday,False,278.75,120.92,152.7888,1
2022-01-12,11622,58.3648,10.4,0.57,58.3549,Snowy,Spring,Wednesday,False,280.28,106.4,122.09530000000001,1
2022-01-13,12692,54.4808,10.45,0.53,54.9749,Rainy,Winter,Thursday,False,255.74,111.21,133.2937,1
2022-01-14,13156,56.829499999999996,10.7,0.5,56.98310000000001,Cloudy,Winter,Friday,False,265.01,104.96,136.2455,1
2022-01-15,13753,54.4455,10.05,0.46,54.867200000000004,Cloudy,Spring,Saturday,True,302.42,106.37,142.0591,1
2022-01-16,15603,53.7904,9.3,0.51,53.6888,Rainy,Winter,Sunday,True,283.21,110.74,161.1889,1
2022-01-17,13139,55.551700000000004,10.2,0.53,56.17359999999999,Snowy,Autumn,Monday,False,259.07,108.95,135.5729,1
2022-01-18,14079,57.376999999999995,10.3,0.5,57.3647,Sunny,Spring,Tuesday,False,256.42,102.69,144.5037,1
2022-01-19,14047,52.824799999999996,10.3,0.47,53.438199999999995,Sunny,Winter,Wednesday,False,283.68,122.4,146.666,1
2022-01-20,14594,57.1268,10.6,0.49,57.1913,Sunny,Autumn,Thursday,False,301.33,114.67,150.8681,1
2022-01-21,12646,57.2789,10.4,0.45,57.4376,Cloudy,Winter,Friday,False,259.63,110.46,133.3421,1
2022-01-22,14830,52.7121,9.25,0.58,52.7994,Snowy,Spring,Saturday,True,276.44,104.69,154.00969999999998,1
2022-01-23,12650,50.868599999999994,8.15,0.45,51.0947,Rainy,Summer,Sunday,True,241.18,113.39,131.5531,1
2022-01-24,11277,57.735200000000006,10.15,0.5,57.8438,Rainy,Winter,Monday,False,257.6,110.75,118.9161,1
2022-01-25,13945,54.1775,10.15,0.49,54.332699999999996,Rainy,Spring,Tuesday,False,269.79,102.75,143.8931,1
2022-01-26,13680,55.346599999999995,10.3,0.49,55.6828,Cloudy,Winter,Wednesday,False,261.51,116.63,141.7925,1
2022-01-27,13761,55.1026,9.45,0.5,55.264399999999995,Rainy,Spring,Thursday,False,265.55,107.21,143.01,1
2022-01-28,13162,51.813599999999994,9.3,0.44,52.1896,Snowy,Spring,Friday,False,264.1,113.88,135.2176,1
2022-01-29,13169,52.7574,10.65,0.56,52.6354,Snowy,Winter,Saturday,True,279.63,98.57,137.289,1
2022-01-30,13994,58.0097,11.3,0.57,58.1821,Snowy,Autumn,Sunday,True,273.45,112.62,145.5387,1
2022-01-31,13187,55.2553,9.45,0.52,55.0981,Rainy,Summer,Monday,False,263.58,109.16,137.0156,1
2022-02-01,13852,52.250699999999995,10.7,0.53,52.357,Cloudy,Autumn,Tuesday,False,273.22,107.63,143.6221,2
2022-02-02,14547,52.2146,9.6,0.55,52.465,Cloudy,Spring,Wednesday,False,286.86,115.51,149.6985,2
2022-02-03,12774,54.1838,10.1,0.54,53.7434,Sunny,Autumn,Thursday,False,250.41,113.73,132.5178,2
2022-02-04,12904,54.547700000000006,9.8,0.56,54.8315,Snowy,Summer,Friday,False,258.12,111.65,134.39780000000002,2
2022-02-05,15101,53.6408,10.85,0.53,54.0554,Rainy,Spring,Saturday,True,289.79,114.31,156.6714,2
2022-02-06,13927,54.6421,9.3,0.53,54.8274,Snowy,Summer,Sunday,True,275.18,121.43,144.4376,2
2022-02-07,13623,54.4083,10.35,0.56,54.6987,Snowy,Autumn,Monday,False,269.53,110.82,141.3115,2
2022-02-08,14104,51.7192,9.0,0.49,51.573,Cloudy,Summer,Tuesday,False,267.39,111.24,146.0323,2
2022-02-09,13753,55.7446,8.95,0.47,56.5925,Sunny,Autumn,Wednesday,False,286.68,112.16,142.2045,2
2022-02-10,14412,56.556599999999996,10.45,0.51,56.172200000000004,Rainy,Spring,Thursday,False,263.14,110.83,149.0992,2
2022-02-11,15670,47.7655,10.15,0.55,47.5771,Sunny,Winter,Friday,False,311.12,111.56,162.5599,2
2022-02-12,13849,57.6892,10.2,0.47,57.589800000000004,Rainy,Autumn,Saturday,True,282.07,113.42,143.0843,2
2022-02-13,10977,52.560900000000004,9.35,0.5,52.018,Cloudy,Winter,Sunday,True,249.79,118.46,115.7595,2
2022-02-14,13780,58.5115,9.85,0.56,58.6535,Sunny,Autumn,Monday,False,265.93,107.31,142.4069,2
2022-02-15,13976,56.0084,9.35,0.47,55.4717,Sunny,Spring,Tuesday,False,283.97,110.25,143.7278,2
2022-02-16,16195,55.3958,10.6,0.45,55.5036,Rainy,Winter,Wednesday,False,288.34,103.3,166.37009999999998,2
2022-02-17,13613,57.3228,10.35,0.5,56.973800000000004,Cloudy,Summer,Thursday,False,276.13,115.94,141.9816,2
2022-02-18,15041,55.60850000000001,9.95,0.48,55.4555,Cloudy,Winter,Friday,False,283.71,109.52,157.1075,2
2022-02-19,12144,52.796800000000005,9.6,0.52,52.4647,Rainy,Spring,Saturday,True,258.61,112.27,127.69139999999999,2
2022-02-20,13536,57.8397,9.55,0.44,57.8706,Cloudy,Winter,Sunday,True,274.09,103.96,141.19719999999998,2
2022-02-21,12796,55.5767,9.9,0.43,55.2496,Cloudy,Autumn,Monday,False,276.08,103.57,132.8638,2
2022-02-22,14517,53.3395,9.55,0.51,53.2135,Sunny,Winter,Tuesday,False,284.17,115.31,149.8434,2
2022-02-23,13531,51.3499,9.85,0.44,51.1611,Rainy,Autumn,Wednesday,False,270.97,102.56,140.0292,2
2022-02-24,14168,50.784,8.5,0.44,50.525600000000004,Cloudy,Winter,Thursday,False,269.07,106.56,146.8918,2
2022-02-25,13141,53.169700000000006,10.65,0.53,53.5046,Cloudy,Summer,Friday,False,271.45,112.07,137.2867,2
2022-02-26,15049,52.915699999999994,10.15,0.48,52.8205,Cloudy,Autumn,Saturday,True,290.83,98.99,156.19639999999998,2
2022-02-27,15234,58.586800000000004,9.95,0.45,58.4106,Rainy,Winter,Sunday,True,284.17,109.96,158.8499,2
2022-02-28,14838,52.438100000000006,9.75,0.54,52.6374,Cloudy,Winter,Monday,False,281.53,106.1,151.9235,2
2022-03-01,14107,57.7365,11.75,0.47,57.107699999999994,Rainy,Spring,Tuesday,False,271.1,112.88,146.0856,3
2022-03-02,14098,53.7214,10.7,0.47,53.958400000000005,Cloudy,Summer,Wednesday,False,282.08,108.94,147.1816,3
2022-03-03,12926,57.6967,10.35,0.48,57.2547,Sunny,Winter,Thursday,False,260.94,116.96,135.5617,3
2022-03-04,14210,58.5821,10.9,0.44,58.9266,Sunny,Autumn,Friday,False,279.16,116.28,146.9686,3
2022-03-05,13907,51.151,10.1,0.5,51.2926,Rainy,Winter,Saturday,True,280.81,112.12,143.5383,3
2022-03-06,13169,62.6853,10.05,0.42,62.430200000000006,Cloudy,Spring,Sunday,True,274.87,102.3,135.3655,3
2022-03-07,13539,57.913900000000005,9.45,0.56,57.756800000000005,Rainy,Summer,Monday,False,284.26,103.49,141.303,3
2022-03-08,14747,55.468599999999995,10.0,0.52,55.5996,Sunny,Winter,Tuesday,False,280.28,105.38,152.9227,3
2022-03-09,13956,56.0172,10.25,0.43,55.893699999999995,Rainy,Summer,Wednesday,False,277.48,111.55,143.8571,3
2022-03-10,13804,52.7316,10.65,0.52,52.585699999999996,Rainy,Spring,Thursday,False,273.01,108.76,143.2512,3
2022-03-11,13842,59.5383,8.65,0.5,59.749300000000005,Snowy,Spring,Friday,False,287.12,114.52,144.54489999999998,3
2022-03-12,14252,55.163000000000004,10.05,0.52,54.7734,Cloudy,Spring,Saturday,True,274.77,112.86,145.9,3
2022-03-13,13554,57.67100000000001,11.1,0.55,57.7849,Sunny,Autumn,Sunday,True,282.59,110.41,141.5281,3
2022-03-14,13521,56.086999999999996,10.4,0.52,56.2262,Cloudy,Spring,Monday,False,278.92,109.68,140.7262,3
2022-03-15,11057,55.8479,11.3,0.4,55.5496,Sunny,Summer,Tuesday,False,261.58,109.31,115.31549999999999,3
2022-03-16,12949,55.1422,9.65,0.48,54.296899999999994,Snowy,Spring,Wednesday,False,256.19,104.11,132.4506,3
2022-03-17,12675,54.9862,10.75,0.53,55.4272,Snowy,Summer,Thursday,False,257.88,105.63,132.38569999999999,3
2022-03-18,14324,52.64809999999999,10.1,0.54,52.2921,Rainy,Spring,Friday,False,259.15,114.46,148.71370000000002,3
2022-03-19,13990,54.465900000000005,9.95,0.59,54.3298,Snowy,Summer,Saturday,True,265.67,102.21,143.689,3
2022-03-20,13274,59.833400000000005,10.2,0.45,59.7408,Snowy,Spring,Sunday,True,278.03,115.67,137.5772,3
2022-03-21,13913,59.681999999999995,11.0,0.49,59.8025,Cloudy,Summer,Monday,False,277.69,113.82,145.36430000000001,3
2022-03-22,13212,52.9617,9.65,0.52,53.031400000000005,Sunny,Winter,Tuesday,False,267.87,105.49,136.5677,3
2022-03-23,13356,54.134499999999996,10.3,0.51,54.176899999999996,Snowy,Winter,Wednesday,False,274.57,101.35,140.3272,3
2022-03-24,14667,54.647600000000004,10.2,0.45,54.2836,Sunny,Spring,Thursday,False,279.82,108.66,151.9273,3
2022-03-25,14740,55.7378,10.2,0.49,55.637,Snowy,Spring,Friday,False,293.12,113.05,153.7459,3
2022-03-26,14666,59.4283,10.75,0.56,59.2549,Cloudy,Summer,Saturday,True,268.59,116.52,151.3923,3
2022-03-27,14754,56.0268,10.95,0.51,56.0354,Cloudy,Autumn,Sunday,True,280.04,109.24,152.25979999999998,3
2022-03-28,12416,51.463100000000004,10.25,0.47,51.3539,Cloudy,Autumn,Monday,False,256.32,117.2,128.2161,3
2022-03-29,14141,53.8045,9.8,0.5,54.1514,Cloudy,Spring,Tuesday,False,279.46,116.85,146.1541,3
2022-03-30,13330,51.6665,9.7,0.46,51.6492,Snowy,Autumn,Wednesday,False,276.2,113.2,140.2244,3
2022-03-31,14977,62.5255,10.1,0.5,62.0928,Snowy,Winter,Thursday,False,299.64,110.17,156.0639,3
2022-04-01,12876,54.7468,10.75,0.52,54.6109,Cloudy,Spring,Friday,False,267.94,111.78,135.3047,4
2022-04-02,12522,56.3923,10.95,0.51,56.665699999999994,Rainy,Summer,Saturday,True,267.85,112.26,129.46450000000002,4
2022-04-03,14408,52.489200000000004,10.0,0.56,52.9592,Cloudy,Spring,Sunday,True,285.44,114.79,149.4703,4
2022-04-04,13798,57.5425,11.6,0.44,57.36109999999999,Sunny,Summer,Monday,False,265.11,115.61,143.25459999999998,4
2022-04-05,13273,53.642399999999995,10.1,0.51,53.577600000000004,Cloudy,Winter,Tuesday,False,272.39,113.4,137.52110000000002,4
2022-04-06,13519,53.1539,9.45,0.48,52.8804,Rainy,Winter,Wednesday,False,277.88,112.27,141.57209999999998,4
2022-04-07,14573,60.297799999999995,11.15,0.43,60.3209,Rainy,Spring,Thursday,False,301.86,112.11,152.24020000000002,4
2022-04-08,13682,56.735600000000005,9.7,0.5,56.2041,Rainy,Winter,Friday,False,281.22,110.46,142.5447,4
2022-04-09,15406,50.300200000000004,10.9,0.49,50.2077,Cloudy,Spring,Saturday,True,298.72,108.83,158.4971,4
2022-04-10,13276,51.4816,11.35,0.5,51.366899999999994,Sunny,Summer,Sunday,True,271.2,104.91,138.4809,4
2022-04-11,14487,53.2924,10.15,0.49,53.240199999999994,Snowy,Summer,Monday,False,261.85,117.78,147.6926,4
2022-04-12,13970,56.900600000000004,10.1,0.48,57.2433,Rainy,Autumn,Tuesday,False,260.24,110.89,145.3983,4
2022-04-13,12520,60.935,11.3,0.52,61.310500000000005,Rainy,Winter,Wednesday,False,256.95,102.77,130.14700000000002,4
2022-04-14,13203,53.6757,10.55,0.48,53.788000000000004,Snowy,Autumn,Thursday,False,270.76,110.31,135.4947,4
2022-04-15,13663,56.220299999999995,10.0,0.52,55.5569,Rainy,Winter,Friday,False,281.81,114.65,141.4802,4
2022-04-16,13268,62.2487,9.65,0.47,62.2937,Sunny,Summer,Saturday,True,248.46,106.51,137.6974,4
2022-04-17,15220,59.1372,9.05,0.51,59.118900000000004,Cloudy,Summer,Sunday,True,287.73,105.77,156.0377,4
2022-04-18,14729,57.311800000000005,9.15,0.4,56.8866,Sunny,Spring,Monday,False,289.61,111.73,152.7034,4
2022-04-19,14105,54.2456,9.4,0.53,54.688500000000005,Sunny,Autumn,Tuesday,False,283.59,115.17,145.1054,4
2022-04-20,13277,57.6054,10.95,0.53,57.8458,Rainy,Autumn,Wednesday,False,259.14,100.52,137.4593,4
2022-04-21,13579,55.8398,9.8,0.47,56.0051,Snowy,Spring,Thursday,False,271.23,110.28,140.4047,4
2022-04-22,11224,54.3437,10.5,0.42,53.8727,Snowy,Winter,Friday,False,252.71,109.18,117.4797,4
2022-04-23,11920,56.824,10.95,0.4,56.83689999999999,Sunny,Winter,Saturday,True,244.55,106.3,124.65379999999999,4
2022-04-24,13153,56.52310000000001,10.8,0.47,56.5516,Snowy,Spring,Sunday,True,261.04,112.96,136.1991,4
2022-04-25,12854,57.506099999999996,9.95,0.57,57.5774,Rainy,Autumn,Monday,False,258.48,112.92,134.32389999999998,4
2022-04-26,13918,52.3403,9.65,0.47,52.534,Rainy,Autumn,Tuesday,False,284.21,112.29,144.9451,4
2022-04-27,13007,50.6918,11.2,0.56,50.7303,Cloudy,Winter,Wednesday,False,272.34,108.66,134.5944,4
2022-04-28,15016,62.4134,10.0,0.49,62.33,Rainy,Spring,Thursday,False,286.05,118.73,154.251,4
2022-04-29,12408,54.9019,9.85,0.46,54.7671,Rainy,Autumn,Friday,False,264.39,115.94,129.5091,4
2022-04-30,14526,54.383900000000004,10.25,0.53,54.2748,Cloudy,Spring,Saturday,True,280.89,106.17,151.5455,4
2022-05-01,12927,57.4004,10.2,0.55,57.3958,Cloudy,Autumn,Sunday,True,256.39,109.53,132.9633,5
2022-05-02,10747,55.9059,10.0,0.56,55.3254,Cloudy,Winter,Monday,False,255.87,114.63,111.7715,5
2022-05-03,13979,53.7072,9.7,0.5,53.3167,Cloudy,Summer,Tuesday,False,289.87,104.59,144.1532,5
2022-05-04,12759,55.645,9.65,0.57,55.5433,Sunny,Winter,Wednesday,False,270.14,109.42,132.5158,5
2022-05-05,12988,53.6418,10.55,0.47,53.868,Rainy,Spring,Thursday,False,253.35,108.37,133.3455,5
2022-05-06,14284,52.59439999999999,10.45,0.5,53.3482,Rainy,Spring,Friday,False,287.89,113.67,146.65879999999999,5
2022-05-07,13921,55.604099999999995,11.2,0.52,55.952200000000005,Sunny,Autumn,Saturday,True,279.64,108.39,143.67610000000002,5
2022-05-08,15775,56.047200000000004,9.5,0.5,55.8212,Rainy,Autumn,Sunday,True,302.17,111.45,161.2514,5
2022-05-09,13098,52.050599999999996,8.15,0.41,51.8481,Sunny,Spring,Monday,False,267.79,111.77,136.1509,5
2022-05-10,12924,57.5748,9.8,0.51,57.726499999999994,Rainy,Autumn,Tuesday,False,282.57,110.12,134.0017,5
2022-05-11,13139,57.3349,10.1,0.49,57.3393,Sunny,Summer,Wednesday,False,256.06,108.98,135.8621,5
2022-05-12,13936,55.1522,8.65,0.42,55.116499999999995,Rainy,Spring,Thursday,False,262.64,99.79,143.21290000000002,5
2022-05-13,13310,51.211000000000006,10.25,0.48,51.070100000000004,Cloudy,Winter,Friday,False,255.72,111.92,136.39260000000002,5
2022-05-14,12249,55.1438,10.1,0.45,54.915,Rainy,Spring,Saturday,True,249.94,113.3,127.5607,5
2022-05-15,13843,56.4845,10.45,0.54,57.1546,Sunny,Winter,Sunday,True,267.03,114.54,142.096,5
2022-05-16,14936,52.3772,10.55,0.47,52.1809,Sunny,Winter,Monday,False,270.66,113.02,154.7775,5
2022-05-17,14463,51.3055,8.6,0.62,50.5217,Cloudy,Summer,Tuesday,False,279.89,109.2,149.2654,5
2022-05-18,13880,51.5025,10.25,0.4,51.5387,Sunny,Summer,Wednesday,False,269.65,108.05,144.3695,5
2022-05-19,13485,54.478699999999996,11.1,0.49,54.6049,Sunny,Autumn,Thursday,False,270.52,105.41,140.38459999999998,5
2022-05-20,12794,52.5346,10.95,0.42,52.5333,Rainy,Spring,Friday,False,279.0,107.72,133.2101,5
2022-05-21,12806,53.78,10.35,0.45,54.068000000000005,Snowy,Summer,Saturday,True,268.29,108.92,133.4644,5
2022-05-22,14561,60.7557,10.05,0.5,60.8353,Snowy,Summer,Sunday,True,281.14,108.55,150.9732,5
2022-05-23,12565,54.8304,8.65,0.51,54.330799999999996,Cloudy,Autumn,Monday,False,279.01,109.57,130.9733,5
2022-05-24,13486,56.6471,9.65,0.54,56.6836,Sunny,Summer,Tuesday,False,283.72,109.14,140.134,5
2022-05-25,13825,56.538199999999996,9.65,0.51,56.50899999999999,Sunny,Autumn,Wednesday,False,275.01,109.53,144.2881,5
2022-05-26,14950,58.7013,9.85,0.55,58.7362,Sunny,Winter,Thursday,False,288.19,106.95,155.53549999999998,5
2022-05-27,12853,51.9308,9.95,0.56,52.537600000000005,Sunny,Spring,Friday,False,272.58,109.54,133.4077,5
2022-05-28,11983,55.703599999999994,10.55,0.46,55.5198,Snowy,Winter,Saturday,True,262.24,112.5,125.5081,5
2022-05-29,13109,54.6312,9.75,0.51,54.544799999999995,Snowy,Spring,Sunday,True,282.39,109.69,137.6742,5
2022-05-30,13524,54.4888,11.25,0.55,54.4721,Cloudy,Spring,Monday,False,281.91,110.13,141.4281,5
2022-05-31,11700,61.4244,9.55,0.53,61.8694,Snowy,Spring,Tuesday,False,242.96,111.37,121.2068,5
2022-06-01,13203,59.7446,8.85,0.47,59.7517,Sunny,Autumn,Wednesday,False,283.69,106.29,135.7157,6
2022-06-02,14022,54.6153,10.1,0.55,54.9086,Sunny,Summer,Thursday,False,257.61,110.49,145.3324,6
2022-06-03,14094,58.6509,10.2,0.43,58.8252,Snowy,Spring,Friday,False,294.11,108.03,146.94469999999998,6
2022-06-04,12654,56.1846,10.15,0.55,56.5731,Snowy,Summer,Saturday,True,271.09,113.51,133.0151,6
2022-06-05,14051,53.2038,10.15,0.52,53.2204,Rainy,Winter,Sunday,True,271.29,106.78,144.8286,6
2022-06-06,12724,54.6663,9.3,0.45,54.471599999999995,Rainy,Autumn,Monday,False,274.24,108.88,132.1698,6
2022-06-07,13545,53.4357,9.85,0.5,53.3313,Rainy,Autumn,Tuesday,False,279.3,106.63,141.5391,6
2022-06-08,13142,55.6064,9.35,0.48,56.256899999999995,Rainy,Autumn,Wednesday,False,292.27,117.27,136.76319999999998,6
2022-06-09,12001,58.6685,9.25,0.49,58.3388,Snowy,Autumn,Thursday,False,284.39,102.66,125.99690000000001,6
2022-06-10,14281,56.4256,10.05,0.48,56.6516,Snowy,Autumn,Friday,False,284.84,105.42,148.8056,6
2022-06-11,13287,55.5063,9.3,0.48,54.9317,Rainy,Spring,Saturday,True,274.31,105.39,138.3289,6
2022-06-12,11565,55.4371,9.25,0.49,55.73479999999999,Snowy,Winter,Sunday,True,260.16,107.7,121.1347,6
2022-06-13,13225,53.4255,10.25,0.51,53.276199999999996,Rainy,Summer,Monday,False,289.27,120.25,137.263,6
2022-06-14,14049,51.290200000000006,9.3,0.55,51.53189999999999,Cloudy,Winter,Tuesday,False,291.41,113.44,145.4249,6
2022-06-15,15189,56.178900000000006,10.2,0.47,56.3298,Cloudy,Summer,Wednesday,False,280.69,113.95,156.597,6
2022-06-16,14819,53.5339,11.15,0.59,53.6417,Rainy,Winter,Thursday,False,280.92,119.01,153.6325,6
2022-06-17,14769,59.6812,10.75,0.44,59.826,Cloudy,Spring,Friday,False,276.09,114.5,152.1017,6
2022-06-18,13785,51.05350000000001,10.25,0.42,51.007600000000004,Snowy,Autumn,Saturday,True,283.48,119.12,143.45770000000002,6
2022-06-19,13496,55.5021,9.25,0.5,55.6034,Rainy,Spring,Sunday,True,270.78,109.81,139.80540000000002,6
2022-06-20,13090,56.8394,9.1,0.49,56.72560000000001,Cloudy,Autumn,Monday,False,281.82,106.41,134.3099,6
2022-06-21,17239,59.051899999999996,9.25,0.52,59.468500000000006,Cloudy,Winter,Tuesday,False,297.58,111.67,177.3274,6
2022-06-22,14847,60.8701,9.85,0.6,60.3804,Rainy,Autumn,Wednesday,False,285.19,102.73,153.2755,6
2022-06-23,14476,57.5088,9.75,0.49,57.87,Rainy,Summer,Thursday,False,277.8,105.18,149.981,6
2022-06-24,13452,57.169700000000006,11.45,0.52,56.9828,Sunny,Autumn,Friday,False,264.94,99.97,138.3903,6
2022-06-25,13331,55.006,11.35,0.54,54.6762,Cloudy,Summer,Saturday,True,276.07,111.77,138.8116,6
2022-06-26,15611,50.3684,10.85,0.51,49.9354,Cloudy,Summer,Sunday,True,295.61,111.51,160.8421,6
2022-06-27,13510,55.9881,10.05,0.51,56.0674,Snowy,Spring,Monday,False,275.45,106.11,139.4281,6
2022-06-28,12630,58.1286,9.2,0.49,57.991800000000005,Rainy,Summer,Tuesday,False,265.18,108.67,130.5599,6
2022-06-29,14068,53.712700000000005,9.5,0.59,53.9163,Snowy,Autumn,Wednesday,False,268.9,110.73,146.9082,6
2022-06-30,15354,56.811099999999996,9.6,0.55,57.0166,Cloudy,Spring,Thursday,False,279.3,113.52,157.2303,6
2022-07-01,12557,57.1654,9.75,0.42,56.9626,Snowy,Autumn,Friday,False,262.61,111.02,130.28629999999998,7
2022-07-02,13013,57.1985,9.65,0.5,57.153800000000004,Rainy,Winter,Saturday,True,258.65,100.29,134.5344,7
2022-07-03,13402,58.4442,10.35,0.44,58.3032,Snowy,Spring,Sunday,True,271.02,106.07,139.30530000000002,7
2022-07-04,14660,55.5616,10.0,0.55,55.827,Cloudy,Summer,Monday,False,279.58,112.53,151.5331,7
2022-07-05,14482,50.1115,9.1,0.42,50.2962,Rainy,Summer,Tuesday,False,282.04,102.56,150.0348,7
2022-07-06,12980,54.60189999999999,9.75,0.36,54.4947,Cloudy,Spring,Wednesday,False,250.69,106.96,134.7838,7
2022-07-07,14222,57.1739,10.35,0.54,57.38270000000001,Rainy,Autumn,Thursday,False,289.01,112.25,147.8217,7
2022-07-08,14143,54.7909,10.2,0.5,54.968900000000005,Snowy,Spring,Friday,False,268.54,115.47,146.981,7
2022-07-09,14015,57.560500000000005,9.0,0.52,57.7387,Cloudy,Winter,Saturday,True,274.1,111.12,144.9365,7
2022-07-10,12088,54.4055,9.45,0.4,53.9973,Rainy,Autumn,Sunday,True,276.19,99.32,126.0222,7
2022-07-11,13903,54.5574,9.95,0.45,54.5804,Sunny,Winter,Monday,False,277.33,109.48,144.7591,7
2022-07-12,12875,58.3992,9.15,0.5,58.5418,Sunny,Autumn,Tuesday,False,259.48,110.74,133.7975,7
2022-07-13,13298,58.2426,9.0,0.44,58.5371,Sunny,Spring,Wednesday,False,246.98,111.66,138.2584,7
2022-07-14,15512,54.298,9.8,0.55,54.142799999999994,Cloudy,Summer,Thursday,False,289.68,107.97,160.8753,7
2022-07-15,14348,60.9023,9.85,0.52,60.6259,Cloudy,Summer,Friday,False,274.57,111.41,148.48149999999998,7
2022-07-16,14326,51.4827,10.0,0.58,51.6949,Cloudy,Summer,Saturday,True,285.18,102.75,148.9506,7
2022-07-17,14041,53.2528,9.1,0.46,52.8947,Cloudy,Winter,Sunday,True,297.53,105.3,145.21880000000002,7
2022-07-18,15188,56.591800000000006,8.95,0.46,56.4035,Sunny,Summer,Monday,False,290.53,108.87,156.6367,7
2022-07-19,14126,54.9886,9.9,0.39,54.873599999999996,Sunny,Summer,Tuesday,False,283.54,103.35,146.0196,7
2022-07-20,12973,57.78979999999999,10.65,0.48,57.2166,Sunny,Winter,Wednesday,False,270.01,105.52,134.1269,7
2022-07-21,14877,52.383500000000005,9.95,0.5,53.3242,Sunny,Summer,Thursday,False,287.35,107.16,154.0692,7
2022-07-22,14543,58.023599999999995,9.05,0.52,57.640299999999996,Snowy,Winter,Friday,False,289.2,111.94,150.4217,7
2022-07-23,14264,53.501000000000005,9.25,0.52,53.477700000000006,Snowy,Winter,Saturday,True,282.34,98.9,148.829,7
2022-07-24,13370,57.322399999999995,10.35,0.47,56.8615,Rainy,Autumn,Sunday,True,277.76,102.08,139.7665,7
2022-07-25,13601,53.3403,9.65,0.54,52.9309,Cloudy,Spring,Monday,False,279.32,107.96,140.6544,7
2022-07-26,12758,54.8366,10.3,0.41,54.85229999999999,Sunny,Summer,Tuesday,False,284.56,116.78,132.06799999999998,7
2022-07-27,14115,55.1294,9.45,0.47,54.9871,Snowy,Winter,Wednesday,False,281.06,114.75,145.3983,7
2022-07-28,14004,53.6576,9.45,0.56,52.9256,Cloudy,Summer,Thursday,False,262.84,108.09,145.5759,7
2022-07-29,15396,53.6971,10.3,0.46,53.7528,Rainy,Summer,Friday,False,287.47,107.98,158.6747,7
2022-07-30,11361,51.7574,9.6,0.46,51.7617,Snowy,Spring,Saturday,True,247.64,105.28,118.9014,7
2022-07-31,12187,55.06270000000001,9.4,0.43,54.78939999999999,Sunny,Summer,Sunday,True,246.24,113.19,125.17129999999999,7
2022-08-01,13256,55.116499999999995,9.25,0.47,55.017399999999995,Rainy,Summer,Monday,False,256.95,115.86,137.6871,8
2022-08-02,13992,54.340900000000005,9.15,0.4,54.147200000000005,Rainy,Spring,Tuesday,False,274.28,106.4,145.318,8
2022-08-03,14193,56.8592,9.25,0.53,57.3327,Cloudy,Summer,Wednesday,False,282.12,108.82,147.5473,8
2022-08-04,14277,50.0276,10.45,0.44,49.4266,Cloudy,Winter,Thursday,False,282.0,110.18,146.5087,8
2022-08-05,15069,52.904300000000006,11.2,0.56,53.1299,Snowy,Spring,Friday,False,302.55,106.82,156.1196,8
2022-08-06,14395,57.6354,8.15,0.43,57.8411,Cloudy,Autumn,Saturday,True,279.32,110.33,147.9614,8
2022-08-07,14214,55.150200000000005,9.95,0.43,55.0471,Cloudy,Winter,Sunday,True,267.73,106.27,149.3228,8
2022-08-08,14337,52.460699999999996,9.7,0.46,52.547700000000006,Sunny,Winter,Monday,False,280.58,109.33,148.4597,8
2022-08-09,11533,58.288999999999994,8.65,0.49,58.3077,Snowy,Autumn,Tuesday,False,261.6,117.75,120.2175,8
2022-08-10,15694,55.4691,10.1,0.57,55.1457,Sunny,Summer,Wednesday,False,300.46,106.88,162.0829,8
2022-08-11,11839,55.5498,10.25,0.54,55.138000000000005,Rainy,Summer,Thursday,False,267.12,111.76,123.1426,8
2022-08-12,14182,57.0351,10.5,0.49,56.9319,Snowy,Spring,Friday,False,286.98,105.58,147.389,8
2022-08-13,13768,53.352799999999995,10.35,0.62,53.91479999999999,Snowy,Winter,Saturday,True,280.77,111.62,142.0724,8
2022-08-14,14012,57.681000000000004,9.35,0.4,57.7191,Sunny,Summer,Sunday,True,271.19,102.07,146.423,8
2022-08-15,12641,50.8892,8.9,0.44,50.2866,Cloudy,Winter,Monday,False,255.39,107.17,131.0944,8
2022-08-16,13853,55.4246,10.25,0.53,55.6791,Sunny,Winter,Tuesday,False,270.33,103.78,144.4748,8
2022-08-17,14864,52.0049,10.35,0.49,52.1604,Snowy,Autumn,Wednesday,False,282.07,102.43,154.3659,8
2022-08-18,14113,53.7315,10.1,0.49,53.439099999999996,Cloudy,Winter,Thursday,False,270.31,116.47,145.1608,8
2022-08-19,14038,54.0792,9.6,0.47,53.7927,Snowy,Winter,Friday,False,288.73,115.3,144.0091,8
2022-08-20,11792,57.0876,9.2,0.49,57.1605,Rainy,Autumn,Saturday,True,275.53,106.26,123.34309999999999,8
2022-08-21,12188,54.2141,9.2,0.52,54.5043,Cloudy,Summer,Sunday,True,288.16,106.59,125.0695,8
2022-08-22,12354,55.4053,11.15,0.49,55.4683,Sunny,Winter,Monday,False,251.72,116.77,129.27450000000002,8
2022-08-23,13010,59.6978,10.6,0.55,59.4171,Rainy,Spring,Tuesday,False,258.28,114.7,135.202,8
2022-08-24,13268,56.177,9.65,0.55,56.6043,Snowy,Autumn,Wednesday,False,281.01,107.39,136.7396,8
2022-08-25,13922,57.2539,9.95,0.59,57.056400000000004,Cloudy,Summer,Thursday,False,257.25,107.75,144.0395,8
2022-08-26,13622,52.7741,10.35,0.4,53.3225,Rainy,Summer,Friday,False,290.17,119.32,141.3042,8
2022-08-27,15447,52.66,11.0,0.46,53.1223,Rainy,Autumn,Saturday,True,288.66,110.38,158.0679,8
2022-08-28,15281,52.275299999999994,9.05,0.49,51.8249,Sunny,Winter,Sunday,True,280.13,103.12,158.7172,8
2022-08-29,13247,53.1704,9.85,0.55,52.9772,Rainy,Summer,Monday,False,273.89,111.53,138.0122,8
2022-08-30,13246,53.9567,10.95,0.58,53.8785,Snowy,Winter,Tuesday,False,259.74,110.76,136.83,8
2022-08-31,13269,54.524800000000006,10.8,0.47,54.6725,Snowy,Winter,Wednesday,False,267.79,124.39,138.5251,8
2022-09-01,14052,56.801,10.0,0.46,56.9083,Sunny,Spring,Thursday,False,280.19,112.6,144.8511,9
2022-09-02,14848,55.505900000000004,10.8,0.48,55.384499999999996,Cloudy,Spring,Friday,False,282.79,104.7,154.879,9
2022-09-03,13067,56.320100000000004,10.5,0.4,56.385600000000004,Sunny,Spring,Saturday,True,276.45,115.75,134.62,9
2022-09-04,15495,58.8165,9.35,0.57,59.096199999999996,Cloudy,Autumn,Sunday,True,291.54,111.42,160.414,9
2022-09-05,13594,56.5653,10.75,0.56,56.394,Rainy,Autumn,Monday,False,284.44,103.33,142.6817,9
2022-09-06,13419,56.2703,9.65,0.38,56.1251,Snowy,Spring,Tuesday,False,275.88,116.93,139.4457,9
2022-09-07,13612,51.69520000000001,9.3,0.4,51.6991,Snowy,Winter,Wednesday,False,260.74,102.41,141.1899,9
2022-09-08,13967,50.623999999999995,11.05,0.56,50.592,Sunny,Summer,Thursday,False,271.96,112.87,146.1257,9
2022-09-09,13778,57.5761,9.8,0.51,57.55479999999999,Snowy,Autumn,Friday,False,269.02,112.02,142.5901,9
2022-09-10,13304,51.7068,9.0,0.41,51.306400000000004,Cloudy,Autumn,Saturday,True,264.7,105.62,138.13729999999998,9
2022-09-11,13068,57.292300000000004,9.35,0.53,56.9906,Rainy,Autumn,Sunday,True,277.24,109.93,133.5669,9
2022-09-12,14366,57.468999999999994,9.75,0.57,57.7768,Snowy,Summer,Monday,False,300.6,108.21,149.62709999999998,9
2022-09-13,14690,57.048100000000005,10.6,0.52,57.288999999999994,Sunny,Spring,Tuesday,False,275.51,115.69,152.2135,9
2022-09-14,13361,55.064899999999994,9.65,0.43,55.4814,Rainy,Winter,Wednesday,False,260.68,113.2,137.4638,9
2022-09-15,13901,53.5951,8.95,0.48,53.184,Snowy,Autumn,Thursday,False,264.13,112.23,144.034,9
2022-09-16,12474,54.727,10.5,0.5,54.7386,Rainy,Winter,Friday,False,256.14,113.18,128.8367,9
2022-09-17,13606,57.1733,10.0,0.51,57.093,Snowy,Autumn,Saturday,True,297.16,110.86,140.911,9
2022-09-18,13944,54.025299999999994,9.8,0.55,54.565200000000004,Snowy,Summer,Sunday,True,266.02,108.89,145.44979999999998,9
2022-09-19,14306,57.522600000000004,10.0,0.51,57.535,Cloudy,Spring,Monday,False,271.13,104.77,149.183,9
2022-09-20,12269,59.186800000000005,9.8,0.57,59.294399999999996,Snowy,Spring,Tuesday,False,293.09,106.52,129.4655,9
2022-09-21,11873,59.6432,10.4,0.49,59.673100000000005,Sunny,Summer,Wednesday,False,290.8,115.31,124.3826,9
2022-09-22,12491,58.806000000000004,9.75,0.48,59.3191,Sunny,Winter,Thursday,False,267.66,107.16,129.40959999999998,9
2022-09-23,14972,58.6986,10.95,0.54,58.100699999999996,Rainy,Spring,Friday,False,287.67,107.81,154.5797,9
2022-09-24,13535,56.0683,9.9,0.53,56.1808,Sunny,Autumn,Saturday,True,275.56,102.98,141.218,9
2022-09-25,13111,53.88269999999999,9.05,0.62,53.57,Sunny,Spring,Sunday,True,284.43,110.2,134.4925,9
2022-09-26,13758,51.4343,10.0,0.54,51.1614,Snowy,Summer,Monday,False,286.05,111.66,143.47469999999998,9
2022-09-27,13726,57.2167,10.2,0.46,57.1822,Rainy,Summer,Tuesday,False,292.58,116.32,142.4633,9
2022-09-28,15278,56.576899999999995,10.15,0.52,56.5417,Cloudy,Spring,Wednesday,False,281.44,113.89,158.9197,9
2022-09-29,14165,54.902,9.9,0.58,54.632299999999994,Snowy,Spring,Thursday,False,280.8,104.99,146.238,9
2022-09-30,13580,55.778999999999996,10.15,0.52,55.381499999999996,Rainy,Spring,Friday,False,285.13,107.22,140.9978,9
2022-10-01,14531,53.032700000000006,9.7,0.53,53.529799999999994,Snowy,Spring,Saturday,True,286.24,105.01,149.2868,10
2022-10-02,14084,52.1453,10.5,0.56,52.077299999999994,Cloudy,Spring,Sunday,True,267.35,108.79,146.7743,10
2022-10-03,12580,58.7846,10.1,0.62,58.546400000000006,Rainy,Winter,Monday,False,280.86,119.04,131.2148,10
2022-10-04,13886,56.306099999999994,10.55,0.52,56.090199999999996,Cloudy,Summer,Tuesday,False,275.17,119.16,143.4619,10
2022-10-05,13673,56.4066,10.65,0.46,56.5572,Rainy,Spring,Wednesday,False,255.0,107.57,141.5224,10
2022-10-06,13266,53.391999999999996,9.95,0.5,53.86109999999999,Cloudy,Spring,Thursday,False,287.75,108.99,137.61790000000002,10
2022-10-07,15558,58.7746,10.9,0.45,58.926,Cloudy,Summer,Friday,False,289.61,110.72,160.6669,10
2022-10-08,13695,54.4121,10.25,0.53,53.978,Cloudy,Spring,Saturday,True,273.0,109.65,143.45069999999998,10
2022-10-09,12925,52.617399999999996,9.35,0.48,52.7755,Sunny,Spring,Sunday,True,264.4,121.34,133.955,10
2022-10-10,12825,54.4096,9.6,0.48,54.171099999999996,Sunny,Spring,Monday,False,284.78,106.22,133.542,10
2022-10-11,12929,56.7258,9.6,0.5,56.402,Snowy,Autumn,Tuesday,False,258.0,105.3,134.6053,10
2022-10-12,13411,54.572399999999995,10.3,0.51,54.833,Cloudy,Autumn,Wednesday,False,282.76,110.79,138.566,10
2022-10-13,14165,58.9011,10.2,0.49,58.756400000000006,Rainy,Winter,Thursday,False,276.83,109.28,147.1805,10
2022-10-14,14864,52.1461,10.4,0.43,52.335,Snowy,Autumn,Friday,False,295.38,119.3,153.3888,10
2022-10-15,14577,56.6333,8.7,0.47,56.4734,Sunny,Autumn,Saturday,True,262.55,111.19,151.4079,10
2022-10-16,13808,54.288000000000004,10.8,0.55,53.945100000000004,Sunny,Winter,Sunday,True,283.74,107.96,143.0077,10
2022-10-17,14175,52.4278,9.25,0.51,52.5303,Snowy,Autumn,Monday,False,273.33,107.1,147.4567,10
2022-10-18,14308,54.675399999999996,9.65,0.58,54.813199999999995,Sunny,Winter,Tuesday,False,296.18,111.06,148.3956,10
2022-10-19,14353,58.8508,10.45,0.56,58.9094,Snowy,Spring,Wednesday,False,273.52,106.3,148.3175,10
2022-10-20,15063,51.6691,10.4,0.53,51.8417,Rainy,Autumn,Thursday,False,285.29,108.73,155.6652,10
2022-10-21,12037,54.03020000000001,10.85,0.44,53.963,Snowy,Summer,Friday,False,250.47,109.14,124.08670000000001,10
2022-10-22,12992,49.8459,10.65,0.44,50.1685,Cloudy,Autumn,Saturday,True,280.23,113.17,134.5068,10
2022-10-23,13772,54.813900000000004,10.25,0.52,54.841499999999996,Cloudy,Summer,Sunday,True,267.77,111.5,142.73239999999998,10
2022-10-24,15564,55.388000000000005,11.55,0.59,55.912200000000006,Snowy,Summer,Monday,False,274.11,106.39,160.535,10
2022-10-25,15188,52.7692,9.9,0.48,53.1222,Cloudy,Summer,Tuesday,False,272.39,112.55,156.5049,10
2022-10-26,12631,53.771,9.9,0.43,53.4196,Cloudy,Autumn,Wednesday,False,276.64,113.51,131.7063,10
2022-10-27,12060,53.9134,10.3,0.56,53.6647,Cloudy,Spring,Thursday,False,269.77,112.82,123.72139999999999,10
2022-10-28,13087,55.327299999999994,10.55,0.46,55.3217,Rainy,Summer,Friday,False,271.75,106.79,136.2673,10
2022-10-29,13250,54.632600000000004,9.6,0.49,54.7008,Rainy,Spring,Saturday,True,273.51,107.21,138.1881,10
2022-10-30,14189,54.7126,9.8,0.55,54.271899999999995,Cloudy,Summer,Sunday,True,292.07,101.81,145.734,10
2022-10-31,13417,53.9251,10.7,0.58,53.6408,Sunny,Autumn,Monday,False,261.41,121.31,138.7973,10
2022-11-01,15199,49.7712,10.4,0.57,50.13,Sunny,Spring,Tuesday,False,285.9,104.14,158.0541,11
2022-11-02,13265,52.5107,9.9,0.48,52.4072,Snowy,Winter,Wednesday,False,283.53,102.72,137.5173,11
2022-11-03,12059,51.4821,9.65,0.52,51.1629,Sunny,Autumn,Thursday,False,241.27,111.61,125.18690000000001,11
2022-11-04,14061,59.955600000000004,10.9,0.47,59.7763,Rainy,Autumn,Friday,False,294.67,111.12,147.5682,11
2022-11-05,14136,57.424099999999996,9.85,0.47,57.759499999999996,Sunny,Winter,Saturday,True,293.8,109.05,147.05700000000002,11
2022-11-06,14226,56.4471,12.05,0.44,56.305299999999995,Rainy,Spring,Sunday,True,267.17,102.6,146.5584,11
2022-11-07,13778,57.0903,9.8,0.52,57.5001,Snowy,Autumn,Monday,False,278.57,110.06,142.4375,11
2022-11-08,13722,54.2825,9.75,0.53,54.294700000000006,Sunny,Spring,Tuesday,False,269.75,109.79,141.6206,11
2022-11-09,13846,53.8779,9.95,0.6,53.5849,Cloudy,Spring,Wednesday,False,285.34,106.6,144.8059,11
2022-11-10,13178,55.3421,11.3,0.48,54.9212,Cloudy,Autumn,Thursday,False,281.57,104.48,135.9127,11
2022-11-11,14323,59.236000000000004,10.4,0.47,59.2598,Cloudy,Autumn,Friday,False,279.59,105.45,147.1766,11
2022-11-12,12982,55.0336,11.2,0.47,55.1281,Cloudy,Winter,Saturday,True,279.13,105.46,134.3305,11
2022-11-13,13130,53.75149999999999,8.9,0.57,54.1443,Sunny,Winter,Sunday,True,280.66,116.76,136.3323,11
2022-11-14,13516,55.7025,9.95,0.44,55.3821,Sunny,Winter,Monday,False,277.39,111.4,140.6454,11
2022-11-15,12316,55.685100000000006,9.1,0.51,55.818400000000004,Rainy,Winter,Tuesday,False,266.46,97.79,127.1241,11
2022-11-16,13926,58.1108,10.55,0.48,57.989,Sunny,Summer,Wednesday,False,275.57,108.11,144.9291,11
2022-11-17,15801,57.3133,9.5,0.52,56.9009,Sunny,Spring,Thursday,False,287.03,108.44,162.63139999999999,11
2022-11-18,12509,55.6124,9.5,0.54,56.0902,Cloudy,Winter,Friday,False,276.14,114.14,129.3858,11
2022-11-19,13024,53.8634,9.05,0.61,54.093199999999996,Rainy,Winter,Saturday,True,271.45,106.96,134.64440000000002,11
2022-11-20,14068,53.8007,9.4,0.56,53.6436,Cloudy,Winter,Sunday,True,278.93,112.29,147.3731,11
2022-11-21,13719,53.5904,9.05,0.42,53.9591,Cloudy,Summer,Monday,False,275.29,106.09,142.9827,11
2022-11-22,14333,52.429899999999996,11.25,0.47,52.25899999999999,Sunny,Summer,Tuesday,False,276.26,114.8,148.0574,11
2022-11-23,14548,56.1529,8.8,0.42,55.719899999999996,Rainy,Summer,Wednesday,False,274.13,114.38,150.0335,11
2022-11-24,13193,58.610200000000006,10.25,0.51,58.716,Sunny,Summer,Thursday,False,252.18,107.67,135.9296,11
2022-11-25,15015,56.8473,10.4,0.53,56.6696,Rainy,Spring,Friday,False,274.7,113.86,155.4006,11
2022-11-26,15512,56.4305,11.25,0.53,56.7224,Snowy,Autumn,Saturday,True,300.28,117.07,160.9593,11
2022-11-27,14221,55.851099999999995,10.75,0.52,55.630500000000005,Cloudy,Winter,Sunday,True,269.92,107.02,147.1232,11
2022-11-28,12557,56.538599999999995,10.45,0.49,57.101000000000006,Sunny,Summer,Monday,False,273.21,114.61,130.5426,11
2022-11-29,14540,55.303599999999996,9.75,0.54,55.24229999999999,Sunny,Autumn,Tuesday,False,268.96,107.16,150.6934,11
2022-11-30,13832,54.038000000000004,10.65,0.48,54.3116,Cloudy,Winter,Wednesday,False,278.89,104.35,143.0153,11
2022-12-01,14128,57.2685,9.9,0.48,56.993500000000004,Rainy,Spring,Thursday,False,265.19,109.0,146.0761,12
2022-12-02,14348,53.3156,9.05,0.47,53.373400000000004,Sunny,Spring,Friday,False,262.61,105.79,149.30880000000002,12
2022-12-03,13456,52.3032,9.55,0.48,52.6603,Cloudy,Autumn,Saturday,True,262.81,104.72,140.9825,12
2022-12-04,13180,50.461099999999995,10.85,0.49,50.6307,Sunny,Winter,Sunday,True,279.47,109.92,137.477,12
2022-12-05,13504,54.430200000000006,10.7,0.46,54.796899999999994,Cloudy,Winter,Monday,False,256.79,113.68,139.88139999999999,12
2022-12-06,14849,54.1968,10.2,0.51,54.3474,Cloudy,Spring,Tuesday,False,300.06,112.4,153.21280000000002,12
2022-12-07,12984,53.7122,10.3,0.55,53.8124,Sunny,Winter,Wednesday,False,277.77,111.06,135.30270000000002,12
2022-12-08,12773,55.447399999999995,9.5,0.48,55.713699999999996,Rainy,Autumn,Thursday,False,260.73,106.94,132.2305,12
2022-12-09,12751,51.7038,10.4,0.56,51.540699999999994,Rainy,Summer,Friday,False,279.93,108.32,131.1434,12
2022-12-10,11195,54.036,10.6,0.52,53.7812,Sunny,Winter,Saturday,True,256.08,110.68,115.4235,12
2022-12-11,14781,59.059200000000004,11.1,0.64,59.5362,Rainy,Autumn,Sunday,True,295.57,104.69,151.4918,12
2022-12-12,13443,56.404300000000006,8.55,0.45,56.8095,Rainy,Autumn,Monday,False,284.18,115.55,140.8101,12
2022-12-13,12536,48.9949,10.1,0.49,49.0047,Cloudy,Spring,Tuesday,False,257.74,112.9,131.16719999999998,12
2022-12-14,14644,56.872600000000006,9.95,0.51,57.2777,Sunny,Winter,Wednesday,False,279.53,106.6,151.2203,12
2022-12-15,13732,55.6768,9.2,0.47,55.803000000000004,Rainy,Autumn,Thursday,False,275.41,116.25,142.7806,12
2022-12-16,15179,58.6605,9.9,0.53,58.7329,Sunny,Summer,Friday,False,284.79,104.59,157.4839,12
2022-12-17,12060,54.9495,9.15,0.42,55.150200000000005,Sunny,Spring,Saturday,True,263.66,116.68,126.3994,12
2022-12-18,14081,56.0643,11.2,0.52,55.7363,Sunny,Spring,Sunday,True,259.23,105.87,145.9519,12
2022-12-19,13291,53.5991,8.9,0.5,53.7758,Snowy,Summer,Monday,False,279.09,99.1,137.14690000000002,12
2022-12-20,12688,53.403800000000004,10.35,0.44,53.3838,Snowy,Spring,Tuesday,False,267.26,109.76,133.2585,12
2022-12-21,12392,57.1227,9.6,0.54,57.1708,Snowy,Winter,Wednesday,False,248.58,108.57,128.9099,12
2022-12-22,13712,57.5735,8.7,0.49,57.8314,Snowy,Autumn,Thursday,False,298.97,110.22,142.53799999999998,12
2022-12-23,14191,54.89149999999999,10.6,0.59,55.0895,Rainy,Winter,Friday,False,253.83,114.23,147.5531,12
2022-12-24,11018,52.88,10.3,0.53,53.187,Rainy,Summer,Saturday,True,248.67,111.32,116.3537,12
2022-12-25,12143,53.7148,10.4,0.48,53.405699999999996,Rainy,Spring,Sunday,True,269.38,112.86,127.0307,12
2022-12-26,14326,53.4413,10.3,0.54,53.2237,Cloudy,Spring,Monday,False,286.39,105.09,149.80440000000002,12
2022-12-27,12229,52.7658,9.75,0.51,53.001400000000004,Snowy,Spring,Tuesday,False,268.2,117.36,127.0539,12
2022-12-28,12145,56.0749,9.7,0.47,55.672,Sunny,Winter,Wednesday,False,281.7,100.04,125.6585,12
2022-12-29,14109,56.2798,10.85,0.46,56.1933,Cloudy,Summer,Thursday,False,291.38,110.58,144.7108,12
2022-12-30,13872,55.319399999999995,10.1,0.49,55.28939999999999,Rainy,Autumn,Friday,False,268.77,107.25,142.0995,12
2022-12-31,12581,54.059799999999996,9.25,0.43,53.9617,Cloudy,Autumn,Saturday,True,266.28,116.94,129.9066,12
2023-01-01,16038,51.1815,10.1,0.5,51.5994,Snowy,Winter,Sunday,True,297.02,108.56,166.055,1
2023-01-02,14691,56.1929,10.75,0.56,56.3171,Snowy,Autumn,Monday,False,285.64,109.99,152.44459999999998,1
2023-01-03,15142,55.5893,9.9,0.46,55.645,Sunny,Summer,Tuesday,False,285.58,112.41,157.2557,1
2023-01-04,12195,55.163900000000005,9.45,0.46,55.7233,Rainy,Autumn,Wednesday,False,267.77,113.75,126.40610000000001,1
2023-01-05,13956,54.5667,10.2,0.43,54.872,Sunny,Autumn,Thursday,False,279.83,114.91,143.89440000000002,1
2023-01-06,11984,58.453,11.9,0.5,58.28939999999999,Rainy,Summer,Friday,False,267.5,96.09,124.29799999999999,1
2023-01-07,12729,54.02270000000001,9.75,0.47,53.958400000000005,Snowy,Summer,Saturday,True,270.37,113.44,131.9246,1
2023-01-08,12444,57.3037,10.55,0.58,57.1595,Sunny,Winter,Sunday,True,260.58,107.63,129.1359,1
2023-01-09,13511,57.076,10.1,0.48,56.5982,Snowy,Spring,Monday,False,254.92,111.46,138.82049999999998,1
2023-01-10,11571,53.1634,9.85,0.47,53.33560000000001,Rainy,Autumn,Tuesday,False,258.34,109.23,120.8048,1
2023-01-11,11741,59.4798,8.9,0.53,59.243900000000004,Sunny,Autumn,Wednesday,False,241.94,109.1,121.9561,1
2023-01-12,14744,55.4106,10.55,0.51,55.157399999999996,Cloudy,Summer,Thursday,False,279.37,119.65,152.7414,1
2023-01-13,14458,58.7034,9.5,0.46,58.6888,Snowy,Summer,Friday,False,275.88,107.07,148.8817,1
2023-01-14,14513,56.3451,8.55,0.47,55.665200000000006,Rainy,Spring,Saturday,True,275.66,111.1,150.18040000000002,1
2023-01-15,14577,52.4179,10.45,0.55,52.522600000000004,Snowy,Winter,Sunday,True,272.47,119.2,150.172,1
2023-01-16,12872,55.425,10.55,0.49,55.6487,Snowy,Summer,Monday,False,274.7,117.53,135.3184,1
2023-01-17,15008,52.672399999999996,10.55,0.51,52.32899999999999,Cloudy,Winter,Tuesday,False,292.06,111.94,155.5541,1
2023-01-18,15384,55.2006,10.55,0.42,55.153999999999996,Rainy,Spring,Wednesday,False,292.07,112.64,160.2279,1
2023-01-19,12983,55.4731,10.3,0.47,55.4412,Cloudy,Summer,Thursday,False,271.51,109.37,133.9407,1
2023-01-20,12275,54.179300000000005,10.2,0.52,54.450900000000004,Rainy,Autumn,Friday,False,264.67,107.56,127.26370000000001,1
2023-01-21,13087,53.73609999999999,10.65,0.48,53.7684,Snowy,Winter,Saturday,True,281.01,111.37,137.2109,1
2023-01-22,14077,50.5023,11.4,0.53,50.694799999999994,Snowy,Winter,Sunday,True,272.02,104.4,145.9845,1
2023-01-23,15490,55.732,9.25,0.57,55.7458,Snowy,Autumn,Monday,False,294.1,105.27,158.9411,1
2023-01-24,12465,57.216899999999995,9.2,0.54,57.5511,Snowy,Summer,Tuesday,False,275.98,98.79,128.3461,1
2023-01-25,14496,51.0608,10.45,0.55,51.2125,Rainy,Spring,Wednesday,False,282.91,114.48,150.6531,1
2023-01-26,13920,54.9542,9.85,0.5,54.5625,Snowy,Spring,Thursday,False,281.94,112.94,145.5876,1
2023-01-27,14508,53.5841,10.05,0.48,53.716899999999995,Cloudy,Spring,Friday,False,280.73,105.84,150.1176,1
2023-01-28,14498,57.4262,9.5,0.48,57.8425,Snowy,Summer,Saturday,True,289.87,111.47,150.4849,1
2023-01-29,12036,57.375699999999995,11.05,0.53,57.4968,Rainy,Summer,Sunday,True,274.96,114.04,125.6885,1
2023-01-30,12789,52.9419,9.25,0.5,53.4282,Cloudy,Spring,Monday,False,275.02,103.56,132.3597,1
2023-01-31,13226,58.1422,10.0,0.53,58.0417,Sunny,Autumn,Tuesday,False,261.74,108.98,137.157,1
2023-02-01,13080,56.7152,9.2,0.59,57.0574,Rainy,Spring,Wednesday,False,248.42,107.8,135.651,2
2023-02-02,13526,52.545100000000005,9.3,0.52,52.4893,Cloudy,Autumn,Thursday,False,288.35,112.13,141.8535,2
2023-02-03,12795,59.0467,9.2,0.49,58.868199999999995,Sunny,Spring,Friday,False,267.96,117.54,132.6838,2
2023-02-04,13438,56.9217,9.9,0.53,56.383,Snowy,Winter,Saturday,True,268.75,108.74,140.0335,2
2023-02-05,13141,55.8275,8.75,0.5,56.115500000000004,Snowy,Winter,Sunday,True,251.88,105.44,135.6235,2
2023-02-06,13891,53.8177,9.65,0.44,53.665200000000006,Rainy,Autumn,Monday,False,288.76,112.88,144.2591,2
2023-02-07,13962,55.7389,11.4,0.45,55.6988,Snowy,Summer,Tuesday,False,274.02,113.14,145.9276,2
2023-02-08,14482,58.8713,10.0,0.52,59.2474,Cloudy,Summer,Wednesday,False,275.87,104.05,149.0966,2
2023-02-09,12587,54.479,11.65,0.56,54.0597,Snowy,Autumn,Thursday,False,276.99,101.27,131.8673,2
2023-02-10,15311,59.3331,10.0,0.45,59.5404,Rainy,Summer,Friday,False,303.87,117.05,158.9356,2
2023-02-11,14235,48.91310000000001,10.35,0.42,48.8624,Sunny,Autumn,Saturday,True,286.09,112.62,147.11260000000001,2
2023-02-12,14689,52.8024,9.6,0.55,52.4809,Cloudy,Spring,Sunday,True,280.35,111.31,151.0133,2
2023-02-13,14059,58.111000000000004,10.65,0.47,57.9109,Cloudy,Summer,Monday,False,269.46,106.06,145.8311,2
2023-02-14,14806,52.1317,10.45,0.4,51.943599999999996,Rainy,Autumn,Tuesday,False,288.26,107.61,153.29129999999998,2
2023-02-15,12637,55.8776,11.1,0.48,56.5373,Snowy,Summer,Wednesday,False,275.96,114.56,132.368,2
2023-02-16,13247,53.8861,10.0,0.45,54.10979999999999,Snowy,Summer,Thursday,False,286.32,98.06,137.8121,2
2023-02-17,12911,61.2557,9.8,0.53,61.7113,Rainy,Spring,Friday,False,261.66,105.47,133.8226,2
2023-02-18,14811,52.287699999999994,10.55,0.48,52.0963,Snowy,Autumn,Saturday,True,264.98,93.26,154.0374,2
2023-02-19,13814,59.2061,10.65,0.52,58.8564,Rainy,Autumn,Sunday,True,283.98,115.16,143.3491,2
2023-02-20,12608,55.6999,10.1,0.53,55.9441,Rainy,Winter,Monday,False,263.1,113.45,130.4957,2
2023-02-21,13535,57.074,9.05,0.49,56.8169,Cloudy,Autumn,Tuesday,False,272.35,115.53,141.8368,2
2023-02-22,13718,56.75020000000001,9.3,0.4,56.89810000000001,Cloudy,Summer,Wednesday,False,269.81,104.67,142.72889999999998,2
2023-02-23,14849,58.4417,10.6,0.43,58.3679,Snowy,Autumn,Thursday,False,276.12,108.08,154.0473,2
2023-02-24,14827,52.6858,8.6,0.41,53.1836,Sunny,Summer,Friday,False,264.97,120.43,155.4634,2
2023-02-25,13006,52.6026,9.45,0.44,52.5722,Snowy,Autumn,Saturday,True,257.74,111.05,135.6425,2
2023-02-26,12839,51.3029,10.55,0.54,51.0194,Snowy,Summer,Sunday,True,275.38,116.92,133.4597,2
2023-02-27,13488,52.4275,10.15,0.46,52.442,Rainy,Summer,Monday,False,270.45,120.66,140.1379,2
2023-02-28,14876,58.2374,10.9,0.52,58.95140000000001,Rainy,Autumn,Tuesday,False,272.65,112.26,154.3426,2
2023-03-01,12420,53.850199999999994,9.85,0.5,53.7197,Sunny,Winter,Wednesday,False,279.54,118.13,129.9983,3
2023-03-02,14631,54.0422,9.3,0.6,53.675399999999996,Cloudy,Spring,Thursday,False,284.75,117.39,151.7751,3
2023-03-03,12790,52.7369,10.2,0.5,52.6109,Cloudy,Autumn,Friday,False,262.94,107.15,133.50469999999999,3
2023-03-04,15219,57.108999999999995,9.2,0.57,57.093,Sunny,Winter,Saturday,True,288.3,106.34,157.16989999999998,3
2023-03-05,13648,57.89770000000001,9.55,0.51,58.102399999999996,Rainy,Summer,Sunday,True,283.95,113.61,142.1393,3
2023-03-06,12278,55.559799999999996,10.05,0.52,56.014799999999994,Snowy,Summer,Monday,False,251.45,101.26,128.1396,3
2023-03-07,14316,60.3095,10.9,0.47,60.413900000000005,Sunny,Autumn,Tuesday,False,273.47,111.71,146.9767,3
2023-03-08,10642,55.2138,9.7,0.49,55.5604,Snowy,Winter,Wednesday,False,257.11,115.11,110.6787,3
2023-03-09,14496,57.368,10.85,0.54,57.081,Snowy,Spring,Thursday,False,284.91,112.37,149.5651,3
2023-03-10,14619,57.066,10.8,0.49,57.033699999999996,Cloudy,Spring,Friday,False,285.19,112.05,151.9524,3
2023-03-11,11230,53.944399999999995,10.25,0.51,54.1863,Rainy,Spring,Saturday,True,257.96,119.0,117.7474,3
2023-03-12,14285,53.8543,11.2,0.57,53.8741,Rainy,Autumn,Sunday,True,278.74,107.84,146.6702,3
2023-03-13,13569,54.0391,9.65,0.54,53.4775,Rainy,Winter,Monday,False,275.75,123.82,142.5442,3
2023-03-14,12980,53.096199999999996,9.65,0.53,53.1381,Rainy,Spring,Tuesday,False,274.31,121.05,134.0112,3
2023-03-15,12965,58.599700000000006,9.7,0.51,59.034099999999995,Cloudy,Autumn,Wednesday,False,270.46,105.19,135.3359,3
2023-03-16,13941,56.3372,10.5,0.55,56.2154,Sunny,Autumn,Thursday,False,281.47,118.89,143.474,3
2023-03-17,13613,57.0317,10.35,0.53,56.459799999999994,Snowy,Autumn,Friday,False,274.42,103.51,140.43040000000002,3
2023-03-18,13057,55.937200000000004,10.2,0.44,56.356700000000004,Sunny,Summer,Saturday,True,278.93,110.45,136.19559999999998,3
2023-03-19,13240,56.3773,10.0,0.5,56.3887,Snowy,Summer,Sunday,True,290.6,106.92,138.0204,3
2023-03-20,14017,56.0348,10.0,0.47,56.2174,Cloudy,Autumn,Monday,False,272.88,116.17,145.0906,3
2023-03-21,12353,54.022600000000004,10.75,0.64,54.3956,Rainy,Winter,Tuesday,False,257.12,121.46,126.7711,3
2023-03-22,13391,57.9851,10.05,0.56,58.1255,Cloudy,Spring,Wednesday,False,264.74,104.25,138.69719999999998,3
2023-03-23,13822,58.2834,9.4,0.6,59.068900000000006,Sunny,Spring,Thursday,False,281.55,112.08,141.3376,3
2023-03-24,12150,53.683,9.7,0.44,54.0599,Cloudy,Winter,Friday,False,264.36,116.26,127.0557,3
2023-03-25,13677,58.5488,11.4,0.52,58.1567,Cloudy,Autumn,Saturday,True,284.62,108.39,141.246,3
2023-03-26,12315,57.9165,9.5,0.56,57.868,Rainy,Spring,Sunday,True,266.69,107.03,128.6085,3
2023-03-27,13649,54.0357,9.5,0.52,53.743,Cloudy,Autumn,Monday,False,272.2,107.63,141.94989999999999,3
2023-03-28,16136,58.1396,10.45,0.46,58.329499999999996,Sunny,Winter,Tuesday,False,300.01,101.12,167.1672,3
2023-03-29,14527,56.5066,9.55,0.49,56.1146,Cloudy,Autumn,Wednesday,False,263.43,108.19,150.58530000000002,3
2023-03-30,13448,58.068999999999996,9.0,0.47,57.8781,Cloudy,Summer,Thursday,False,258.91,111.03,140.9774,3
2023-03-31,13098,53.6624,9.25,0.47,53.659099999999995,Sunny,Spring,Friday,False,264.52,108.08,135.9792,3
2023-04-01,12045,59.2792,9.9,0.54,59.587799999999994,Sunny,Spring,Saturday,True,257.59,107.52,124.5143,4
2023-04-02,14278,59.7341,10.25,0.5,60.1862,Rainy,Summer,Sunday,True,281.83,120.35,148.5062,4
2023-04-03,12131,55.0272,10.4,0.39,55.1871,Sunny,Autumn,Monday,False,268.26,111.38,126.65360000000001,4
2023-04-04,13316,51.9426,10.9,0.54,51.671099999999996,Sunny,Autumn,Tuesday,False,292.15,113.81,136.8951,4
2023-04-05,13005,58.5048,9.4,0.47,58.5494,Rainy,Autumn,Wednesday,False,286.18,111.35,135.8646,4
2023-04-06,12395,57.7011,9.5,0.63,57.4173,Sunny,Spring,Thursday,False,260.08,106.66,127.9454,4
2023-04-07,14028,52.092,9.4,0.5,52.84310000000001,Rainy,Summer,Friday,False,281.8,98.17,145.1614,4
2023-04-08,13234,55.631,10.9,0.53,55.7113,Sunny,Spring,Saturday,True,272.5,113.67,137.3286,4
2023-04-09,15516,58.867399999999996,9.9,0.51,59.0976,Cloudy,Autumn,Sunday,True,276.31,104.41,158.4083,4
2023-04-10,11458,61.5261,10.4,0.48,61.6835,Snowy,Summer,Monday,False,255.82,116.16,118.6981,4
2023-04-11,12702,51.2959,9.75,0.51,51.1625,Snowy,Spring,Tuesday,False,269.17,114.25,132.49030000000002,4
2023-04-12,14615,53.1456,10.3,0.41,53.0145,Cloudy,Spring,Wednesday,False,285.74,115.38,150.22799999999998,4
2023-04-13,13023,54.978500000000004,10.05,0.41,55.212700000000005,Sunny,Autumn,Thursday,False,273.13,119.97,135.1533,4
2023-04-14,13530,56.048500000000004,9.05,0.53,56.124399999999994,Sunny,Autumn,Friday,False,279.55,111.36,138.5272,4
2023-04-15,13815,48.959700000000005,9.3,0.49,49.3097,Cloudy,Autumn,Saturday,True,270.73,104.25,143.16209999999998,4
2023-04-16,13815,55.7626,10.55,0.44,56.263400000000004,Snowy,Spring,Sunday,True,282.4,113.41,142.7979,4
2023-04-17,12247,50.032399999999996,10.4,0.61,50.1672,Cloudy,Spring,Monday,False,251.2,111.22,127.09729999999999,4
2023-04-18,13273,57.799,8.55,0.55,57.619099999999996,Cloudy,Winter,Tuesday,False,268.05,108.55,137.071,4
2023-04-19,14092,57.8615,8.7,0.46,57.7358,Rainy,Winter,Wednesday,False,273.65,105.48,145.7648,4
2023-04-20,11011,56.217,11.45,0.47,55.6813,Rainy,Autumn,Thursday,False,271.51,108.47,115.60889999999999,4
2023-04-21,14258,58.1101,9.05,0.51,57.882799999999996,Sunny,Autumn,Friday,False,279.73,103.05,148.3161,4
2023-04-22,12371,54.8957,9.0,0.55,55.0655,Rainy,Spring,Saturday,True,261.96,110.93,128.2659,4
2023-04-23,11809,51.188900000000004,9.85,0.52,51.8359,Cloudy,Spring,Sunday,True,262.22,117.92,123.8866,4
2023-04-24,13814,54.494099999999996,10.65,0.47,54.481700000000004,Snowy,Summer,Monday,False,282.84,114.77,143.0767,4
2023-04-25,13621,55.29560000000001,9.25,0.5,55.5234,Rainy,Winter,Tuesday,False,279.0,106.99,141.6496,4
2023-04-26,15338,53.5951,11.15,0.55,53.7144,Sunny,Spring,Wednesday,False,290.3,110.12,159.3306,4
2023-04-27,15156,53.2625,10.0,0.46,53.2233,Sunny,Spring,Thursday,False,271.9,103.11,157.14950000000002,4
2023-04-28,14260,52.260200000000005,10.0,0.51,52.0194,Cloudy,Spring,Friday,False,278.98,108.01,146.2874,4
2023-04-29,13133,57.665299999999995,9.7,0.41,57.8424,Snowy,Autumn,Saturday,True,289.97,107.18,134.76,4
2023-04-30,13788,61.3547,11.1,0.5,61.5624,Cloudy,Summer,Sunday,True,286.77,109.66,143.8799,4
2023-05-01,15093,57.6484,9.3,0.53,57.3513,Cloudy,Autumn,Monday,False,285.95,108.99,155.2524,5
2023-05-02,13225,52.0984,10.4,0.56,52.63270000000001,Cloudy,Autumn,Tuesday,False,272.24,108.04,137.9718,5
2023-05-03,14257,56.9636,9.65,0.57,56.7775,Rainy,Winter,Wednesday,False,281.95,108.97,148.7135,5
2023-05-04,13025,53.842299999999994,10.35,0.51,53.8637,Rainy,Autumn,Thursday,False,272.33,113.15,134.5679,5
2023-05-05,11740,52.9678,10.85,0.54,53.108599999999996,Rainy,Autumn,Friday,False,261.96,110.32,124.45369999999998,5
2023-05-06,12267,60.2765,10.7,0.49,60.1949,Rainy,Winter,Saturday,True,270.94,121.99,126.40729999999999,5
2023-05-07,12650,55.35,10.8,0.54,55.6892,Sunny,Autumn,Sunday,True,259.05,107.67,132.583,5
2023-05-08,13023,51.131899999999995,9.35,0.49,50.379,Sunny,Autumn,Monday,False,271.97,109.09,135.3851,5
2023-05-09,13989,55.2309,10.25,0.53,55.4444,Rainy,Winter,Tuesday,False,279.93,109.87,145.1818,5
2023-05-10,14655,53.4339,10.35,0.51,53.7241,Snowy,Autumn,Wednesday,False,259.07,111.02,152.3939,5
2023-05-11,15804,52.2294,9.05,0.49,52.2146,Cloudy,Winter,Thursday,False,304.38,110.89,162.082,5
2023-05-12,13388,53.667699999999996,10.2,0.47,53.8516,Snowy,Summer,Friday,False,267.32,113.72,138.2326,5
2023-05-13,12073,56.2054,10.1,0.55,56.6853,Snowy,Summer,Saturday,True,246.59,116.73,123.5209,5
2023-05-14,13120,54.1972,9.7,0.48,54.2883,Rainy,Spring,Sunday,True,265.74,103.0,135.815,5
2023-05-15,12755,59.945699999999995,10.1,0.47,59.4992,Snowy,Autumn,Monday,False,259.53,108.05,132.2218,5
2023-05-16,15440,55.02,9.45,0.48,55.3091,Snowy,Summer,Tuesday,False,286.83,121.84,159.1625,5
2023-05-17,13387,60.9226,10.15,0.49,60.980199999999996,Rainy,Autumn,Wednesday,False,275.33,113.37,139.03709999999998,5
2023-05-18,13971,50.2925,8.6,0.5,50.1772,Rainy,Spring,Thursday,False,263.41,98.51,145.5476,5
2023-05-19,13536,55.2126,10.45,0.47,55.8241,Cloudy,Summer,Friday,False,276.75,113.83,139.27210000000002,5
2023-05-20,16232,54.65729999999999,9.95,0.53,54.5653,Rainy,Autumn,Saturday,True,287.04,109.86,167.15900000000002,5
2023-05-21,12276,55.28979999999999,9.5,0.44,54.680299999999995,Snowy,Summer,Sunday,True,241.84,110.59,128.3914,5
2023-05-22,13970,49.6021,9.2,0.52,49.6377,Rainy,Autumn,Monday,False,270.1,118.08,143.7981,5
2023-05-23,12179,51.5171,9.4,0.47,52.0185,Rainy,Winter,Tuesday,False,271.52,110.63,127.24879999999999,5
2023-05-24,14172,54.799099999999996,8.7,0.47,54.6602,Sunny,Spring,Wednesday,False,280.02,117.25,146.2397,5
2023-05-25,12861,56.3947,9.35,0.46,56.9169,Sunny,Winter,Thursday,False,263.97,116.94,133.0512,5
2023-05-26,14115,56.0719,9.45,0.47,56.4146,Rainy,Winter,Friday,False,272.36,111.66,144.7074,5
2023-05-27,12627,54.173500000000004,9.3,0.5,53.7309,Rainy,Autumn,Saturday,True,277.39,100.28,130.16379999999998,5
2023-05-28,12517,60.3191,11.15,0.6,60.570299999999996,Sunny,Winter,Sunday,True,267.47,103.92,129.7501,5
2023-05-29,15022,55.6451,10.1,0.52,55.491400000000006,Cloudy,Summer,Monday,False,279.87,110.18,155.1531,5
2023-05-30,13244,53.303599999999996,10.2,0.49,53.3261,Sunny,Spring,Tuesday,False,266.2,111.31,137.0198,5
2023-05-31,12060,56.142300000000006,9.75,0.54,56.588100000000004,Sunny,Summer,Wednesday,False,261.82,111.53,124.6856,5
2023-06-01,13552,53.3151,10.25,0.54,53.3333,Snowy,Autumn,Thursday,False,258.09,103.19,140.8234,6
2023-06-02,13192,60.3163,11.05,0.56,60.1819,Cloudy,Winter,Friday,False,257.31,106.21,138.0297,6
2023-06-03,12472,60.009899999999995,11.0,0.52,60.2519,Sunny,Spring,Saturday,True,277.77,109.81,130.556,6
2023-06-04,12775,55.295100000000005,9.95,0.52,55.626999999999995,Snowy,Summer,Sunday,True,259.32,114.86,132.6662,6
2023-06-05,13454,53.528999999999996,10.9,0.49,53.9072,Rainy,Spring,Monday,False,267.1,104.52,140.7973,6
2023-06-06,16594,53.3552,9.85,0.56,53.1919,Rainy,Autumn,Tuesday,False,283.3,115.23,171.5121,6
2023-06-07,11758,51.467699999999994,11.15,0.58,51.591800000000006,Rainy,Winter,Wednesday,False,250.9,110.97,122.4376,6
2023-06-08,12978,56.9001,11.1,0.49,56.4888,Rainy,Winter,Thursday,False,266.1,106.08,135.4009,6
2023-06-09,13939,53.5784,9.4,0.54,53.343199999999996,Cloudy,Summer,Friday,False,275.64,99.44,146.5552,6
2023-06-10,12448,51.9425,9.55,0.52,51.9524,Rainy,Spring,Saturday,True,272.09,110.8,129.2498,6
2023-06-11,13113,57.3107,11.5,0.48,57.1654,Sunny,Winter,Sunday,True,276.12,116.66,135.4201,6
2023-06-12,14161,58.7836,10.55,0.47,58.8349,Sunny,Spring,Monday,False,300.05,109.05,147.6268,6
2023-06-13,13505,58.819799999999994,11.6,0.48,58.703900000000004,Cloudy,Summer,Tuesday,False,281.54,114.49,139.0289,6
2023-06-14,13358,55.4081,10.15,0.5,55.845699999999994,Sunny,Summer,Wednesday,False,257.99,109.53,138.15630000000002,6
2023-06-15,14649,59.1036,9.9,0.43,59.461499999999994,Rainy,Autumn,Thursday,False,306.29,109.47,149.82229999999998,6
2023-06-16,13930,57.7083,11.3,0.45,57.8416,Rainy,Summer,Friday,False,288.68,109.04,146.0959,6
2023-06-17,11819,56.7004,10.15,0.4,57.022200000000005,Cloudy,Spring,Saturday,True,258.55,113.43,123.7841,6
2023-06-18,12647,54.6749,9.35,0.47,54.3709,Rainy,Autumn,Sunday,True,271.91,110.52,132.1327,6
2023-06-19,14615,51.072399999999995,10.45,0.49,51.3341,Snowy,Autumn,Monday,False,276.88,107.91,150.5603,6
2023-06-20,13728,53.5534,9.95,0.52,54.0196,Cloudy,Spring,Tuesday,False,279.61,113.32,142.70950000000002,6
2023-06-21,13143,46.023,10.15,0.48,46.26390000000001,Rainy,Summer,Wednesday,False,280.95,103.18,137.81889999999999,6
2023-06-22,13937,56.09,9.65,0.59,56.0976,Sunny,Winter,Thursday,False,273.85,106.13,144.17700000000002,6
2023-06-23,13377,56.9702,9.95,0.47,57.0038,Cloudy,Summer,Friday,False,273.14,113.6,138.7583,6
2023-06-24,13221,56.4333,9.7,0.56,56.5032,Sunny,Summer,Saturday,True,271.12,112.04,137.89440000000002,6
2023-06-25,13413,54.0972,9.9,0.52,53.7461,Sunny,Autumn,Sunday,True,287.61,100.48,137.9948,6
2023-06-26,14653,54.9776,9.75,0.51,54.96770000000001,Rainy,Summer,Monday,False,275.89,106.63,151.05,6
2023-06-27,13736,55.6046,9.65,0.52,55.3799,Rainy,Winter,Tuesday,False,282.51,118.09,140.673,6
2023-06-28,13757,51.056999999999995,10.15,0.38,51.366400000000006,Cloudy,Winter,Wednesday,False,282.08,106.42,143.6575,6
2023-06-29,13253,52.244499999999995,9.5,0.41,52.5938,Cloudy,Autumn,Thursday,False,274.44,113.44,137.2223,6
2023-06-30,14464,59.702299999999994,10.85,0.52,60.0916,Cloudy,Spring,Friday,False,259.25,111.52,149.68110000000001,6
2023-07-01,14329,58.85810000000001,11.6,0.46,58.9449,Snowy,Autumn,Saturday,True,253.71,111.99,150.1049,7
2023-07-02,12607,56.5493,9.8,0.49,56.1211,Cloudy,Summer,Sunday,True,278.12,105.69,130.482,7
2023-07-03,15106,57.2767,10.45,0.37,57.510200000000005,Cloudy,Spring,Monday,False,298.28,113.58,156.25979999999998,7
2023-07-04,13648,56.0761,9.75,0.46,55.8763,Cloudy,Autumn,Tuesday,False,269.41,117.52,142.7309,7
2023-07-05,13624,54.1971,10.2,0.48,54.25770000000001,Sunny,Autumn,Wednesday,False,263.63,108.8,141.7076,7
2023-07-06,13442,54.574799999999996,8.95,0.44,54.3146,Snowy,Winter,Thursday,False,294.4,105.21,138.0473,7
2023-07-07,12817,48.609899999999996,9.15,0.43,48.7843,Sunny,Spring,Friday,False,273.81,109.07,133.7304,7
2023-07-08,13765,47.6208,9.95,0.47,47.3239,Rainy,Spring,Saturday,True,279.05,102.9,142.2228,7
2023-07-09,14662,52.345699999999994,9.7,0.5,52.3055,Rainy,Summer,Sunday,True,278.58,107.55,151.1235,7
2023-07-10,12996,54.65560000000001,10.6,0.54,54.9301,Rainy,Winter,Monday,False,274.08,103.48,134.5233,7
2023-07-11,15189,52.2495,11.2,0.51,52.537200000000006,Rainy,Summer,Tuesday,False,282.62,106.2,157.0787,7
2023-07-12,15531,52.850699999999996,8.9,0.52,52.9793,Snowy,Spring,Wednesday,False,286.13,114.54,160.7435,7
2023-07-13,14521,51.724,9.95,0.44,52.0471,Rainy,Winter,Thursday,False,285.66,114.4,148.8892,7
2023-07-14,14787,54.5736,8.8,0.46,54.2607,Sunny,Summer,Friday,False,299.23,116.39,154.3611,7
2023-07-15,13147,54.7449,10.3,0.51,54.7696,Cloudy,Spring,Saturday,True,277.99,114.32,136.1026,7
2023-07-16,15061,54.9104,10.0,0.39,54.80350000000001,Rainy,Autumn,Sunday,True,292.7,109.28,157.06619999999998,7
2023-07-17,13877,56.255500000000005,10.05,0.54,56.251400000000004,Rainy,Spring,Monday,False,269.66,104.77,143.8474,7
2023-07-18,14802,54.515100000000004,9.55,0.42,54.377700000000004,Rainy,Summer,Tuesday,False,280.29,95.67,154.89170000000001,7
2023-07-19,14151,53.099,9.65,0.45,53.1596,Rainy,Spring,Wednesday,False,297.89,99.53,146.2287,7
2023-07-20,13930,54.653,11.4,0.51,54.8813,Rainy,Summer,Thursday,False,269.59,116.09,144.7881,7
2023-07-21,12434,56.596199999999996,9.55,0.48,57.0638,Rainy,Autumn,Friday,False,243.43,114.79,129.70069999999998,7
2023-07-22,15347,52.5891,11.15,0.44,52.8042,Snowy,Autumn,Saturday,True,298.03,113.51,159.4001,7
2023-07-23,14498,50.5207,10.35,0.46,50.6042,Snowy,Summer,Sunday,True,277.08,111.89,151.1862,7
2023-07-24,13659,59.0589,10.2,0.48,59.122,Cloudy,Spring,Monday,False,265.83,108.08,142.1089,7
2023-07-25,13955,53.0925,8.45,0.47,53.1603,Rainy,Autumn,Tuesday,False,261.24,101.37,145.8738,7
2023-07-26,14153,55.5965,9.65,0.42,56.3472,Rainy,Autumn,Wednesday,False,279.08,113.43,147.0402,7
2023-07-27,11611,52.373000000000005,11.25,0.58,52.1979,Snowy,Summer,Thursday,False,259.5,111.77,120.57690000000001,7
2023-07-28,14848,59.2861,9.7,0.47,59.7866,Snowy,Summer,Friday,False,295.42,103.03,153.1552,7
2023-07-29,15697,53.82640000000001,9.8,0.51,53.9007,Cloudy,Winter,Saturday,True,295.42,115.99,164.2466,7
2023-07-30,14837,53.8163,9.35,0.52,53.4948,Cloudy,Summer,Sunday,True,270.46,109.59,153.5209,7
2023-07-31,14888,52.9564,10.3,0.42,53.0683,Cloudy,Autumn,Monday,False,282.8,112.27,154.6572,7
2023-08-01,13897,52.2617,9.65,0.51,52.2776,Sunny,Winter,Tuesday,False,253.33,114.76,145.6111,8
2023-08-02,14554,59.946400000000004,10.55,0.54,59.7034,Snowy,Winter,Wednesday,False,254.51,99.1,150.4567,8
2023-08-03,13589,56.869099999999996,8.55,0.44,57.0551,Snowy,Spring,Thursday,False,263.12,112.64,141.9257,8
2023-08-04,14784,55.7588,10.45,0.51,55.154700000000005,Rainy,Summer,Friday,False,286.22,108.07,152.9864,8
2023-08-05,12603,52.8016,9.4,0.54,52.281800000000004,Rainy,Winter,Saturday,True,267.88,116.51,130.4635,8
2023-08-06,14370,54.4114,10.25,0.54,54.364399999999996,Sunny,Spring,Sunday,True,265.89,98.89,148.6465,8
2023-08-07,14178,51.8797,10.65,0.48,51.5437,Cloudy,Summer,Monday,False,268.64,103.14,149.21959999999999,8
2023-08-08,13666,55.7397,9.7,0.42,55.6139,Sunny,Winter,Tuesday,False,275.24,107.47,140.0683,8
2023-08-09,13956,53.887100000000004,10.05,0.52,53.5824,Rainy,Winter,Wednesday,False,271.35,109.53,144.6214,8
2023-08-10,13028,53.7378,10.6,0.49,53.745,Snowy,Winter,Thursday,False,258.19,107.26,134.5082,8
2023-08-11,12414,57.487899999999996,9.05,0.51,57.8126,Sunny,Autumn,Friday,False,278.4,121.88,128.6046,8
2023-08-12,12124,53.6325,9.15,0.53,53.959399999999995,Rainy,Winter,Saturday,True,261.3,113.28,128.4512,8
2023-08-13,13944,53.5193,10.8,0.55,53.6775,Sunny,Autumn,Sunday,True,284.94,108.33,143.72979999999998,8
2023-08-14,16190,56.155199999999994,9.75,0.44,55.833800000000004,Sunny,Spring,Monday,False,294.7,96.35,167.7961,8
2023-08-15,11593,50.1366,8.8,0.51,49.9292,Sunny,Winter,Tuesday,False,258.47,106.31,120.8521,8
2023-08-16,12494,53.94480000000001,10.9,0.56,53.8666,Cloudy,Summer,Wednesday,False,268.04,111.46,131.94379999999998,8
2023-08-17,12826,56.545100000000005,10.25,0.57,56.8182,Cloudy,Autumn,Thursday,False,268.51,116.12,133.74710000000002,8
2023-08-18,14330,50.9766,9.35,0.42,50.5734,Rainy,Summer,Friday,False,273.1,108.59,147.1403,8
2023-08-19,13443,54.4449,11.15,0.5,54.2875,Sunny,Summer,Saturday,True,267.58,106.53,139.0977,8
2023-08-20,13571,52.93,10.65,0.43,52.8228,Sunny,Autumn,Sunday,True,275.91,104.72,141.6732,8
2023-08-21,11752,53.622299999999996,10.35,0.48,53.4202,Cloudy,Autumn,Monday,False,257.35,109.44,123.6155,8
2023-08-22,12266,54.5446,10.6,0.49,54.837799999999994,Cloudy,Summer,Tuesday,False,265.9,98.06,126.7099,8
2023-08-23,15476,51.9485,8.35,0.39,52.2541,Rainy,Winter,Wednesday,False,289.57,111.03,159.9573,8
2023-08-24,14312,51.9145,10.3,0.49,51.999700000000004,Sunny,Winter,Thursday,False,284.63,117.16,148.4112,8
2023-08-25,12582,55.8204,11.3,0.63,55.8464,Sunny,Winter,Friday,False,264.32,105.95,130.7256,8
2023-08-26,12686,52.4543,10.1,0.5,52.109399999999994,Cloudy,Autumn,Saturday,True,267.27,110.31,131.1877,8
2023-08-27,14612,51.8781,9.95,0.45,51.7399,Cloudy,Winter,Sunday,True,278.74,116.42,153.4617,8
2023-08-28,12869,56.4815,9.7,0.47,56.2123,Cloudy,Summer,Monday,False,292.97,105.16,133.7733,8
2023-08-29,12386,53.4025,9.85,0.42,53.687799999999996,Cloudy,Spring,Tuesday,False,249.92,116.91,128.7673,8
2023-08-30,13614,50.51390000000001,10.4,0.53,50.94480000000001,Snowy,Winter,Wednesday,False,248.81,105.54,141.109,8
2023-08-31,12392,55.838699999999996,9.7,0.48,56.0225,Rainy,Winter,Thursday,False,269.74,106.52,128.9634,8
2023-09-01,12972,51.5671,9.35,0.47,51.0595,Snowy,Summer,Friday,False,267.06,115.63,134.8102,9
2023-09-02,14008,56.0604,9.25,0.49,56.2141,Sunny,Winter,Saturday,True,274.69,102.67,143.8384,9
2023-09-03,14148,56.8366,9.8,0.47,56.461400000000005,Snowy,Autumn,Sunday,True,299.36,113.94,146.004,9
2023-09-04,11750,52.5946,9.2,0.52,52.862700000000004,Rainy,Winter,Monday,False,262.77,108.37,123.0308,9
2023-09-05,13368,53.4345,10.05,0.46,53.4715,Sunny,Winter,Tuesday,False,269.58,109.07,137.60299999999998,9
2023-09-06,14666,55.625,9.05,0.44,55.4635,Rainy,Summer,Wednesday,False,289.33,124.29,151.3518,9
2023-09-07,14129,53.772200000000005,9.15,0.56,53.545100000000005,Rainy,Autumn,Thursday,False,266.04,108.67,147.0016,9
2023-09-08,12614,53.111000000000004,11.1,0.46,53.2368,Snowy,Summer,Friday,False,275.2,111.63,130.5238,9
2023-09-09,14076,56.1852,10.95,0.51,56.4027,Sunny,Summer,Saturday,True,264.96,108.18,145.217,9
2023-09-10,13912,51.7844,10.7,0.51,51.6303,Rainy,Winter,Sunday,True,272.89,123.45,145.2732,9
2023-09-11,13698,58.276,11.15,0.46,58.4863,Sunny,Autumn,Monday,False,267.48,106.63,143.2381,9
2023-09-12,14469,56.3245,9.4,0.53,56.752399999999994,Cloudy,Summer,Tuesday,False,259.72,98.41,150.5241,9
2023-09-13,14447,54.1541,9.95,0.67,54.1764,Sunny,Spring,Wednesday,False,299.27,111.95,149.3756,9
2023-09-14,13573,52.3551,9.7,0.5,52.6528,Sunny,Summer,Thursday,False,282.42,119.11,140.9627,9
2023-09-15,13267,58.89020000000001,8.7,0.49,58.7855,Sunny,Autumn,Friday,False,258.57,114.13,136.7186,9
2023-09-16,14833,53.805,9.75,0.47,54.489200000000004,Cloudy,Spring,Saturday,True,286.29,111.34,152.18550000000002,9
2023-09-17,12137,57.7508,10.3,0.51,57.8779,Cloudy,Winter,Sunday,True,282.15,107.5,125.9437,9
2023-09-18,12376,53.2413,9.8,0.45,53.1443,Cloudy,Autumn,Monday,False,250.66,109.88,128.2741,9
2023-09-19,13852,54.8025,9.55,0.47,55.033100000000005,Rainy,Autumn,Tuesday,False,276.49,104.14,141.8143,9
2023-09-20,12567,57.6667,9.45,0.47,56.885600000000004,Rainy,Autumn,Wednesday,False,267.2,116.14,131.1764,9
2023-09-21,13667,49.917,9.6,0.58,49.861999999999995,Snowy,Winter,Thursday,False,275.03,103.65,142.3502,9
2023-09-22,12445,54.3261,10.15,0.5,53.586400000000005,Cloudy,Summer,Friday,False,259.14,113.36,129.80780000000001,9
2023-09-23,13000,57.4854,9.6,0.42,57.4809,Snowy,Winter,Saturday,True,265.12,107.42,134.19729999999998,9
2023-09-24,15084,53.4009,10.75,0.54,53.6084,Cloudy,Winter,Sunday,True,296.76,111.9,156.4709,9
2023-09-25,12328,54.2963,9.55,0.57,54.202,Snowy,Autumn,Monday,False,257.28,110.66,127.3518,9
2023-09-26,14408,54.655,10.45,0.5,54.650200000000005,Sunny,Summer,Tuesday,False,285.24,108.01,149.72459999999998,9
2023-09-27,12137,57.1362,9.65,0.59,57.5488,Snowy,Spring,Wednesday,False,255.1,102.33,125.478,9
2023-09-28,11474,56.962300000000006,10.7,0.62,57.099399999999996,Rainy,Spring,Thursday,False,279.96,122.35,118.54979999999999,9
2023-09-29,15660,55.562,10.35,0.55,55.9647,Sunny,Autumn,Friday,False,279.65,111.71,162.3957,9
2023-09-30,14296,60.6278,9.35,0.56,60.820299999999996,Snowy,Autumn,Saturday,True,291.16,111.09,148.86180000000002,9
2023-10-01,14212,58.3465,10.6,0.46,58.404399999999995,Snowy,Winter,Sunday,True,289.27,116.2,146.4344,10
2023-10-02,12577,54.8916,8.25,0.49,54.679399999999994,Sunny,Summer,Monday,False,271.48,107.72,130.0099,10
2023-10-03,13278,51.66479999999999,10.45,0.48,51.4697,Cloudy,Spring,Tuesday,False,276.56,112.34,138.4917,10
2023-10-04,14580,55.4603,10.3,0.52,55.5417,Snowy,Spring,Wednesday,False,268.02,115.27,149.78709999999998,10
2023-10-05,13340,53.0735,11.45,0.32,52.6904,Cloudy,Winter,Thursday,False,265.92,107.69,138.3941,10
2023-10-06,13890,51.4062,10.55,0.48,51.4041,Rainy,Spring,Friday,False,282.05,115.12,142.7299,10
2023-10-07,13104,53.368100000000005,10.05,0.4,53.5417,Rainy,Spring,Saturday,True,274.87,110.14,136.2136,10
2023-10-08,12100,48.6805,9.9,0.47,48.194700000000005,Snowy,Spring,Sunday,True,254.76,104.71,124.79260000000001,10
2023-10-09,12290,54.279700000000005,8.9,0.51,54.215900000000005,Rainy,Autumn,Monday,False,265.0,99.24,127.1566,10
2023-10-10,13245,57.0801,10.3,0.51,57.0578,Snowy,Spring,Tuesday,False,265.38,114.2,137.7418,10
2023-10-11,13262,54.7271,9.4,0.53,54.5158,Cloudy,Autumn,Wednesday,False,260.29,105.89,137.7536,10
2023-10-12,14019,54.115,8.65,0.51,53.4446,Snowy,Winter,Thursday,False,283.21,110.77,145.8003,10
2023-10-13,13153,53.9014,10.5,0.53,54.0889,Sunny,Spring,Friday,False,275.1,117.46,137.23590000000002,10
2023-10-14,13854,60.756499999999996,9.55,0.49,61.0093,Rainy,Summer,Saturday,True,305.62,115.18,143.767,10
2023-10-15,13414,52.344899999999996,9.7,0.52,51.8996,Sunny,Summer,Sunday,True,283.58,107.97,140.1087,10
2023-10-16,12758,54.0364,10.3,0.43,54.556000000000004,Cloudy,Spring,Monday,False,278.1,117.75,134.94219999999999,10
2023-10-17,15804,57.1473,9.15,0.5,56.905100000000004,Sunny,Spring,Tuesday,False,307.23,97.22,163.4975,10
2023-10-18,13066,55.7535,10.8,0.44,55.5285,Rainy,Spring,Wednesday,False,265.5,112.8,135.3476,10
2023-10-19,14936,56.7458,8.95,0.42,56.9709,Snowy,Summer,Thursday,False,291.68,114.9,154.214,10
2023-10-20,16770,58.758900000000004,9.4,0.55,58.4916,Sunny,Summer,Friday,False,300.7,105.26,171.63569999999999,10
2023-10-21,14950,54.2025,9.0,0.43,54.086800000000004,Cloudy,Spring,Saturday,True,286.49,108.23,154.9171,10
2023-10-22,13870,54.3461,10.15,0.48,54.5784,Sunny,Summer,Sunday,True,263.0,113.77,144.55700000000002,10
2023-10-23,13758,60.5124,11.0,0.43,60.3549,Sunny,Winter,Monday,False,275.77,118.44,141.9526,10
2023-10-24,13493,53.503,9.45,0.52,53.4632,Snowy,Summer,Tuesday,False,273.49,127.24,139.2731,10
2023-10-25,14234,53.3671,10.8,0.42,53.4625,Cloudy,Winter,Wednesday,False,273.69,105.01,147.0181,10
2023-10-26,13560,53.817,9.1,0.43,54.1137,Cloudy,Summer,Thursday,False,298.35,106.16,140.49800000000002,10
2023-10-27,12542,52.3758,10.3,0.54,52.5569,Cloudy,Winter,Friday,False,265.42,109.66,131.761,10
2023-10-28,14890,53.2289,9.4,0.48,52.9323,Sunny,Autumn,Saturday,True,292.74,108.27,153.7046,10
2023-10-29,14165,48.6823,10.3,0.4,49.199799999999996,Cloudy,Summer,Sunday,True,281.56,111.67,146.1361,10
2023-10-30,13752,59.803000000000004,9.4,0.44,60.1478,Rainy,Spring,Monday,False,270.98,115.05,142.8876,10
2023-10-31,12780,51.9384,8.45,0.5,51.334300000000006,Snowy,Winter,Tuesday,False,278.6,113.33,132.4207,10
2023-11-01,13679,51.0562,9.45,0.53,51.251999999999995,Sunny,Winter,Wednesday,False,264.83,114.89,141.8737,11
2023-11-02,13884,50.601099999999995,9.3,0.51,51.2603,Rainy,Summer,Thursday,False,282.27,112.17,143.2282,11
2023-11-03,12977,54.398199999999996,10.1,0.53,54.391400000000004,Cloudy,Spring,Friday,False,273.47,105.04,134.6301,11
2023-11-04,14549,52.3872,9.95,0.48,52.7462,Cloudy,Summer,Saturday,True,293.37,120.84,151.7897,11
2023-11-05,14400,53.9473,10.2,0.4,54.69,Sunny,Autumn,Sunday,True,278.37,107.12,149.15879999999999,11
2023-11-06,13323,57.7135,10.0,0.5,57.6847,Rainy,Spring,Monday,False,263.07,106.13,138.3768,11
2023-11-07,13015,54.2852,10.55,0.54,53.8304,Cloudy,Spring,Tuesday,False,293.14,118.95,135.6579,11
2023-11-08,12883,52.1976,9.6,0.51,52.0348,Cloudy,Winter,Wednesday,False,265.73,112.37,134.4836,11
2023-11-09,12806,56.8399,10.25,0.48,56.553999999999995,Cloudy,Winter,Thursday,False,263.54,101.83,132.4288,11
2023-11-10,14567,52.698,10.25,0.48,53.1211,Cloudy,Winter,Friday,False,275.43,114.63,149.72629999999998,11
2023-11-11,14633,56.5692,9.6,0.49,56.4046,Rainy,Autumn,Saturday,True,263.51,114.64,151.7979,11
2023-11-12,13585,52.1187,9.3,0.54,51.840900000000005,Snowy,Autumn,Sunday,True,276.99,113.55,140.5549,11
2023-11-13,13590,50.2846,10.1,0.49,50.203599999999994,Sunny,Winter,Monday,False,281.42,112.61,141.23860000000002,11
2023-11-14,13684,56.8956,11.7,0.47,56.407399999999996,Cloudy,Summer,Tuesday,False,260.61,105.39,141.11610000000002,11
2023-11-15,14084,57.56270000000001,11.25,0.5,57.881800000000005,Rainy,Summer,Wednesday,False,284.02,116.45,146.5583,11
2023-11-16,13784,53.8397,9.45,0.45,54.0493,Snowy,Summer,Thursday,False,272.07,114.46,143.2576,11
2023-11-17,12641,52.3617,10.05,0.4,52.5668,Cloudy,Spring,Friday,False,250.5,112.65,134.28,11
2023-11-18,14554,55.735299999999995,9.0,0.46,55.5735,Cloudy,Spring,Saturday,True,270.84,103.38,150.5563,11
2023-11-19,12949,55.9582,10.55,0.48,55.977,Snowy,Autumn,Sunday,True,269.49,108.12,133.5676,11
2023-11-20,14683,54.7358,11.15,0.49,54.8945,Cloudy,Winter,Monday,False,285.14,109.13,150.7829,11
2023-11-21,13383,56.6955,10.25,0.53,56.591,Cloudy,Autumn,Tuesday,False,270.31,112.63,139.858,11
2023-11-22,14412,57.8935,10.0,0.52,57.7773,Sunny,Spring,Wednesday,False,290.37,110.09,149.4315,11
2023-11-23,13961,55.5343,10.75,0.49,55.6907,Cloudy,Autumn,Thursday,False,310.16,108.52,145.19549999999998,11
2023-11-24,13044,56.4859,9.75,0.48,56.3238,Snowy,Summer,Friday,False,271.9,107.03,134.362,11
2023-11-25,14836,57.3645,8.9,0.46,57.3212,Snowy,Summer,Saturday,True,289.44,106.7,155.70420000000001,11
2023-11-26,14558,56.244,11.0,0.46,56.2151,Rainy,Spring,Sunday,True,279.33,110.44,151.3193,11
2023-11-27,13722,52.2535,11.0,0.57,52.158100000000005,Rainy,Spring,Monday,False,264.59,110.25,142.61530000000002,11
2023-11-28,14710,56.33,10.55,0.49,56.305299999999995,Rainy,Summer,Tuesday,False,293.91,101.4,153.4129,11
2023-11-29,14595,56.4259,9.7,0.53,56.545100000000005,Rainy,Autumn,Wednesday,False,270.86,105.06,151.08440000000002,11
2023-11-30,14635,50.8337,8.9,0.57,50.967200000000005,Snowy,Summer,Thursday,False,281.59,116.28,152.44899999999998,11
2023-12-01,11898,56.64810000000001,9.35,0.56,56.9167,Sunny,Winter,Friday,False,236.43,104.74,124.87370000000001,12
2023-12-02,13200,54.1449,9.75,0.49,53.7587,Cloudy,Summer,Saturday,True,269.85,98.0,136.6165,12
2023-12-03,13116,56.5904,9.75,0.51,56.3227,Sunny,Spring,Sunday,True,273.39,105.11,135.3147,12
2023-12-04,15286,55.919799999999995,9.9,0.45,55.97,Rainy,Spring,Monday,False,282.53,104.99,156.6112,12
2023-12-05,13829,52.8705,10.2,0.52,52.6935,Sunny,Summer,Tuesday,False,276.14,101.88,143.95510000000002,12
2023-12-06,14194,51.6119,9.55,0.46,51.001599999999996,Rainy,Winter,Wednesday,False,259.45,116.92,145.9026,12
2023-12-07,11947,57.3099,10.3,0.49,57.436899999999994,Sunny,Spring,Thursday,False,259.77,106.43,124.4409,12
2023-12-08,13462,56.1526,10.85,0.55,56.340900000000005,Sunny,Spring,Friday,False,270.5,113.78,138.857,12
2023-12-09,11947,54.240500000000004,10.0,0.47,54.294799999999995,Sunny,Spring,Saturday,True,258.96,116.05,124.7809,12
2023-12-10,12569,57.3866,9.95,0.46,57.5742,Snowy,Summer,Sunday,True,253.79,105.93,131.2326,12
2023-12-11,11972,56.58560000000001,10.3,0.46,56.4568,Cloudy,Spring,Monday,False,263.02,109.71,124.46690000000001,12
2023-12-12,14068,56.455200000000005,10.55,0.43,56.470200000000006,Rainy,Autumn,Tuesday,False,290.24,109.26,145.4832,12
2023-12-13,14736,51.422,9.9,0.45,51.6132,Cloudy,Summer,Wednesday,False,281.71,106.68,151.5857,12
2023-12-14,15429,53.72689999999999,10.15,0.47,53.8551,Sunny,Winter,Thursday,False,287.43,106.37,159.5808,12
2023-12-15,14060,57.600500000000004,9.05,0.49,57.5499,Cloudy,Summer,Friday,False,278.2,112.26,145.1124,12
2023-12-16,13471,53.3407,8.8,0.46,53.277699999999996,Cloudy,Autumn,Saturday,True,274.15,107.01,140.7033,12
2023-12-17,14633,50.6625,10.7,0.54,50.3079,Cloudy,Autumn,Sunday,True,281.83,108.49,151.0975,12
2023-12-18,13331,48.5383,10.05,0.51,49.2409,Rainy,Autumn,Monday,False,287.6,113.7,138.5074,12
2023-12-19,11756,53.2725,10.2,0.49,53.226099999999995,Cloudy,Winter,Tuesday,False,268.27,110.99,122.1813,12
2023-12-20,14965,54.254799999999996,9.35,0.48,53.908699999999996,Sunny,Autumn,Wednesday,False,286.07,103.65,154.1906,12
2023-12-21,12292,53.5115,9.95,0.42,52.7962,Snowy,Spring,Thursday,False,258.79,106.51,128.3134,12
2023-12-22,14136,53.8659,9.2,0.59,53.6149,Snowy,Spring,Friday,False,259.39,102.91,144.583,12
2023-12-23,13335,56.753299999999996,11.2,0.51,56.3812,Sunny,Winter,Saturday,True,292.28,108.31,140.2745,12
2023-12-24,13433,52.735699999999994,11.0,0.55,52.577200000000005,Snowy,Winter,Sunday,True,270.31,116.66,139.5939,12
2023-12-25,12723,55.2496,10.5,0.53,54.7537,Rainy,Summer,Monday,False,255.2,110.27,132.6586,12
2023-12-26,15858,57.1893,9.85,0.54,56.8853,Rainy,Autumn,Tuesday,False,294.32,110.65,164.2909,12
2023-12-27,13023,55.114200000000004,10.6,0.58,55.1782,Cloudy,Spring,Wednesday,False,264.93,111.5,134.25869999999998,12
2023-12-28,16271,58.3097,10.0,0.44,58.3912,Cloudy,Summer,Thursday,False,287.94,100.77,166.16009999999997,12
2023-12-29,13368,56.2386,9.9,0.54,56.1972,Sunny,Winter,Friday,False,259.06,110.75,139.3241,12
2023-12-30,13156,60.7218,10.65,0.39,60.7629,Rainy,Winter,Saturday,True,257.83,112.24,135.1434,12
2023-12-31,11208,59.2518,8.7,0.56,59.565599999999996,Snowy,Spring,Sunday,True,249.62,106.85,116.2226,12
2024-01-01,13244,53.2761,9.75,0.47,53.372600000000006,Snowy,Winter,Monday,False,264.76,112.34,137.2926,1
